osmid,surface,highway,maxspeed,lit,sidewalk,cycleway,oneway,reversed,length,geometry,lanes,source:maxspeed,cycleway:left,cycleway:right,cycleway:both,width,oneway:bicycle,access,parking:lane:both,parking:lane:left,lane_score,maxspeed_score,parking,parking_score,facility_type,separated_bike_la,shared_bike_lane,no_access_bike,cycle_track,dirt_cycle_track,no_bike_infra,path_cycle,score
5368838,sett,residential,30,yes,both,no,False,True,168.614,"LINESTRING (9.9668845 53.5826242, 9.9670054 53.5825523, 9.9672578 53.5824021, 9.9682481 53.5817468, 9.9686092 53.5815062)",2,,,,,,,,,,2,3,0,0,dirt_cycle_track,0,0.0,0.0,0.0,1.0,0.0,0.0,4.1312890403179985
142762606,asphalt,primary,50,yes,,track,False,True,41.442,"LINESTRING (9.9668845 53.5826242, 9.9670256 53.5828079, 9.967142 53.5829641)",4,DE:urban,,,,,,,,,4,5,0,0,shared_bike_lane,0,1.0,0.0,0.0,0.0,0.0,0.0,5.285349233390091
142762609,asphalt,primary,50,yes,both,track,False,False,126.84100000000001,"LINESTRING (9.9668845 53.5826242, 9.9668043 53.5825186, 9.9665419 53.5821936, 9.9665272 53.5821753, 9.9663518 53.5819715, 9.9661614 53.581776, 9.9659749 53.5816222)",4,DE:urban,,,,,,,,,4,5,0,0,shared_bike_lane,0,1.0,0.0,0.0,0.0,0.0,0.0,5.285349233390091
50390277,asphalt,primary,50,yes,right,,True,False,124.89800000000001,"LINESTRING (9.9707644 53.5830878, 9.969929 53.5838783, 9.9698913 53.583914, 9.9697816 53.5840468)",2,DE:urban,no,track,,,,,,,2,5,0,0,shared_bike_lane,0,1.0,0.0,0.0,0.0,0.0,0.0,4.089437819420754
20339701,asphalt,primary,50,yes,right,,True,False,98.88400000000001,"LINESTRING (9.9728782 53.5812683, 9.9722446 53.58185, 9.972184 53.5819056, 9.9720428 53.5820054)",2,,no,track,,,,,,,2,5,0,0,shared_bike_lane,0,1.0,0.0,0.0,0.0,0.0,0.0,4.089437819420754
"[5112440, 369377046, 1185539895]",asphalt,tertiary,50,yes,both,no,False,True,141.64,"LINESTRING (9.9576257 53.5805084, 9.9577326 53.5805577, 9.9577752 53.5805779, 9.9579235 53.5806032, 9.9584109 53.5806425, 9.9593042 53.5807044, 9.9596625 53.5807292, 9.9597119 53.58073)",2,,,,,,,,,,2,5,0,0,no_bike_infra,0,0.0,0.0,0.0,0.0,1.0,0.0,4.574048835888693
136965454,asphalt,residential,30,yes,,no,True,False,10.755,"LINESTRING (9.97556 53.5789704, 9.9754086 53.5789347)",2,,,,,,,,,,2,3,0,0,no_bike_infra,0,0.0,0.0,0.0,0.0,1.0,0.0,3.831289040317999
"[391821257, 20339701, 1150179183]",asphalt,primary,50,yes,right,,True,False,163.982,"LINESTRING (9.97556 53.5789704, 9.9754058 53.5790847, 9.9751293 53.5793045, 9.9746629 53.5796786, 9.9740944 53.5801607)",2,,no,track,,,,,,,2,5,0,0,shared_bike_lane,0,1.0,0.0,0.0,0.0,0.0,0.0,4.089437819420754
137247324,asphalt,residential,30,yes,both,no,False,True,53.67,"LINESTRING (9.9747286 53.5787443, 9.9745632 53.5787076, 9.9744065 53.5786651, 9.9739992 53.578533)",2,,,,,,,,,,2,3,0,0,no_bike_infra,0,0.0,0.0,0.0,0.0,1.0,0.0,3.831289040317999
"[391821201, 624777761]",asphalt,residential,30,yes,"['right', 'separate']",,True,False,44.063,"LINESTRING (9.9747286 53.5787443, 9.974957 53.5787545, 9.9751187 53.5787748, 9.9751972 53.5787896, 9.975379 53.5788239)",2,,no,track,,,,,,,2,3,0,0,shared_bike_lane,0,1.0,0.0,0.0,0.0,0.0,0.0,3.346678023850059
400296519,,service,30,yes,,,False,False,14.396,"LINESTRING (9.9597119 53.58073, 9.9596979 53.5808592)",1,,,,,,,,,,1,3,0,0,path_cycle,0,0.0,0.0,0.0,0.0,0.0,1.0,3.43333333333333
"[5112440, 369377046, 1185539895]",asphalt,tertiary,50,yes,both,no,False,False,141.64000000000001,"LINESTRING (9.9597119 53.58073, 9.9596625 53.5807292, 9.9593042 53.5807044, 9.9584109 53.5806425, 9.9579235 53.5806032, 9.9577752 53.5805779, 9.9577326 53.5805577, 9.9576257 53.5805084)",2,,,,,,,,,,2,5,0,0,no_bike_infra,0,0.0,0.0,0.0,0.0,1.0,0.0,4.574048835888693
"[54499793, 1185539894]",asphalt,tertiary,50,yes,both,no,False,True,63.92399999999999,"LINESTRING (9.9597119 53.58073, 9.9598077 53.5807276, 9.959873 53.5807141, 9.9599595 53.5806748, 9.9602803 53.5805292, 9.9605082 53.5804222)",2,,,,,,,,,,2,5,0,0,no_bike_infra,0,0.0,0.0,0.0,0.0,1.0,0.0,4.574048835888693
142762618,asphalt,residential,30,yes,both,,False,True,68.545,"LINESTRING (9.9628759 53.5810611, 9.9621579 53.5815064)",2,,,,no,6.8,,,,,2,3,0,0,no_bike_infra,0,0.0,0.0,0.0,0.0,1.0,0.0,3.831289040317999
9897692,asphalt,residential,30,yes,both,no,False,False,63.471,"LINESTRING (9.9628759 53.5810611, 9.9625124 53.5807635, 9.9623992 53.5806698, 9.9623129 53.5805984)",2,,,,,,,,,,2,3,0,0,no_bike_infra,0,0.0,0.0,0.0,0.0,1.0,0.0,3.831289040317999
142762611,asphalt,residential,30,yes,both,opposite,True,False,139.245,"LINESTRING (9.9628759 53.5810611, 9.9634789 53.5815758, 9.9641205 53.5820717)",2,,,,,,no,,,,2,3,0,0,cycle_track,0,0.0,0.0,1.0,0.0,0.0,0.0,3.618398637137989
"[142762618, 142762619]",asphalt,residential,30,yes,both,,False,False,123.25399999999999,"LINESTRING (9.9628759 53.5810611, 9.9633813 53.5808024, 9.9638779 53.5805824, 9.9642087 53.5804574, 9.9643721 53.5804022)",2,,,,no,6.8,,,,,2,3,0,0,no_bike_infra,0,0.0,0.0,0.0,0.0,1.0,0.0,3.831289040317999
142762611,asphalt,residential,30,yes,both,opposite,True,False,4.141,"LINESTRING (9.9649233 53.5825271, 9.964976 53.5825473)",2,,,,,,no,,,,2,3,0,0,cycle_track,0,0.0,0.0,1.0,0.0,0.0,0.0,3.618398637137989
"[1022682166, 1022682167]",,service,30,yes,,,False,False,23.715,"LINESTRING (9.9649233 53.5825271, 9.9650348 53.5824502, 9.9651488 53.5823612)",1,,,,,,,,,,1,3,0,0,path_cycle,0,0.0,0.0,0.0,0.0,0.0,1.0,3.43333333333333
5368900,asphalt,residential,30,yes,both,opposite,True,False,38.727,"LINESTRING (9.965365 53.5837259, 9.9650419 53.5840166)",2,,,,no,6.8,no,,,,2,3,0,0,cycle_track,0,0.0,0.0,1.0,0.0,0.0,0.0,3.618398637137989
234865664,asphalt,residential,30,yes,both,opposite,True,False,70.201,"LINESTRING (9.965365 53.5837259, 9.9645709 53.5833624, 9.9645243 53.5833393)",2,,,,,6.8,no,,,,2,3,0,0,cycle_track,0,0.0,0.0,1.0,0.0,0.0,0.0,3.618398637137989
142762605,asphalt,primary,50,yes,both,track,False,False,30.673,"LINESTRING (9.9643721 53.5804022, 9.9641881 53.5801489)",4,DE:urban,,,,,,,,,4,5,0,0,shared_bike_lane,0,1.0,0.0,0.0,0.0,0.0,0.0,5.285349233390091
"[137159048, 137159047]",asphalt,primary,50,yes,both,track,False,True,64.01400000000001,"LINESTRING (9.9643721 53.5804022, 9.9644727 53.5805295, 9.9645577 53.5806222, 9.9646844 53.5807278, 9.9647603 53.5807777, 9.9648309 53.5808267, 9.9648573 53.5808451, 9.9649039 53.5808793)",4,DE:urban,,,,,,,,,4,5,0,0,shared_bike_lane,0,1.0,0.0,0.0,0.0,0.0,0.0,5.285349233390091
"[142762618, 142762619]",asphalt,residential,30,yes,both,,False,True,123.25399999999999,"LINESTRING (9.9643721 53.5804022, 9.9642087 53.5804574, 9.9638779 53.5805824, 9.9633813 53.5808024, 9.9628759 53.5810611)",2,,,,no,6.8,,,,,2,3,0,0,no_bike_infra,0,0.0,0.0,0.0,0.0,1.0,0.0,3.831289040317999
142762603,asphalt,residential,50,yes,both,no,False,True,63.293,"LINESTRING (9.9640067 53.5782641, 9.9636566 53.5777342)",2,DE:urban,,,,,,,,,2,5,0,0,no_bike_infra,0,0.0,0.0,0.0,0.0,1.0,0.0,4.574048835888693
"[952072727, 973052607]",asphalt,residential,50,yes,both,no,False,False,107.56699999999998,"LINESTRING (9.9640067 53.5782641, 9.964067 53.5783565, 9.9641143 53.5784205, 9.9641651 53.5784728, 9.9642214 53.578517, 9.964294 53.5785652, 9.9644075 53.5786275, 9.9647908 53.5787915, 9.9648264 53.5788069, 9.964869 53.5788253, 9.9651254 53.578936)",2,DE:urban,,,,,,,,,2,5,0,0,no_bike_infra,0,0.0,0.0,0.0,0.0,1.0,0.0,4.574048835888693
5368901,asphalt,residential,30,yes,right,,True,False,53.728,"LINESTRING (9.967142 53.5829641, 9.9669683 53.582961, 9.9665172 53.582953, 9.9663347 53.5829818)",2,,,,,,,,,,2,3,0,0,no_bike_infra,0,0.0,0.0,0.0,0.0,1.0,0.0,3.831289040317999
44368760,asphalt,primary,50,yes,both,track,False,True,19.573,"LINESTRING (9.967142 53.5829641, 9.9672496 53.5830834, 9.9672819 53.5831193)",4,DE:urban,,,,,,,,,4,5,0,0,shared_bike_lane,0,1.0,0.0,0.0,0.0,0.0,0.0,5.285349233390091
142762606,asphalt,primary,50,yes,,track,False,False,41.442,"LINESTRING (9.967142 53.5829641, 9.9670256 53.5828079, 9.9668845 53.5826242)",4,DE:urban,,,,,,,,,4,5,0,0,shared_bike_lane,0,1.0,0.0,0.0,0.0,0.0,0.0,5.285349233390091
26624848,asphalt,residential,30,yes,none,,False,False,4.815,"LINESTRING (9.9663347 53.5829818, 9.9663023 53.582943)",2,,,,,,,,,,2,3,0,0,no_bike_infra,0,0.0,0.0,0.0,0.0,1.0,0.0,3.831289040317999
"[5368899, 5368900]",asphalt,residential,30,yes,both,opposite,True,False,85.199,"LINESTRING (9.9663347 53.5829818, 9.9662205 53.5830485, 9.9655316 53.5835806)",2,DE:zone30,,,no,6.8,no,,,,2,3,0,0,cycle_track,0,0.0,0.0,1.0,0.0,0.0,0.0,3.618398637137989
20339701,asphalt,primary,50,yes,right,,True,False,53.826,"LINESTRING (9.9740944 53.5801607, 9.9736382 53.5805619)",2,,no,track,,,,,,,2,5,0,0,shared_bike_lane,0,1.0,0.0,0.0,0.0,0.0,0.0,4.089437819420754
9897692,asphalt,residential,30,yes,both,no,False,True,89.131,"LINESTRING (9.9614903 53.5799628, 9.961773 53.5801823, 9.9622386 53.5805397, 9.9623129 53.5805984)",2,,,,,,,,,,2,3,0,0,no_bike_infra,0,0.0,0.0,0.0,0.0,1.0,0.0,3.831289040317999
"[54499793, 369377045]",asphalt,tertiary,50,yes,both,no,False,False,82.541,"LINESTRING (9.9614903 53.5799628, 9.9606154 53.5803719, 9.9605082 53.5804222)",2,,,,,,,,,,2,5,0,0,no_bike_infra,0,0.0,0.0,0.0,0.0,1.0,0.0,4.574048835888693
"[54499808, 952072732]",asphalt,tertiary,50,yes,both,no,False,True,150.86100000000002,"LINESTRING (9.9614903 53.5799628, 9.9628259 53.5794013, 9.9629026 53.5793744, 9.9629842 53.5793485, 9.9630441 53.5793305, 9.9631439 53.5793041, 9.9632102 53.5792871, 9.9633191 53.5792712, 9.9634253 53.5792693)",3,,,,,,,,,,3,5,0,0,no_bike_infra,0,0.0,0.0,0.0,0.0,1.0,0.0,5.1720045428733625
"[1040637120, 605881859]",asphalt,residential,30,yes,"['both', 'separate']",no,False,False,69.009,"LINESTRING (9.968696 53.5760885, 9.9693698 53.5764573, 9.9694612 53.5765112)",2,,,,,,,,,,2,3,0,0,no_bike_infra,0,0.0,0.0,0.0,0.0,1.0,0.0,3.831289040317999
142762605,asphalt,primary,50,yes,both,track,False,True,30.673,"LINESTRING (9.9641881 53.5801489, 9.9643721 53.5804022)",4,DE:urban,,,,,,,,,4,5,0,0,shared_bike_lane,0,1.0,0.0,0.0,0.0,0.0,0.0,5.285349233390091
952072728,asphalt,primary,50,yes,both,track,False,False,22.172,"LINESTRING (9.9641881 53.5801489, 9.9640599 53.5799646)",4,DE:urban,,,,,,,,,4,5,0,0,shared_bike_lane,0,1.0,0.0,0.0,0.0,0.0,0.0,5.285349233390091
154295960,asphalt,residential,30,yes,both,opposite,True,False,156.14600000000002,"LINESTRING (9.9641881 53.5801489, 9.9644205 53.5801489, 9.9645206 53.5801323, 9.9661248 53.5793948)",2,,,,,,no,,,,2,3,0,0,cycle_track,0,0.0,0.0,1.0,0.0,0.0,0.0,3.618398637137989
23253267,asphalt,residential,30,yes,,,False,False,5.882,"LINESTRING (9.9639496 53.5798059, 9.963874 53.5798339)",2,,,,no,,,,,,2,3,0,0,no_bike_infra,0,0.0,0.0,0.0,0.0,1.0,0.0,3.831289040317999
23253267,asphalt,residential,30,yes,,,False,True,62.584999999999994,"LINESTRING (9.9631766 53.5798297, 9.9633872 53.5800137, 9.963773 53.5798712, 9.963874 53.5798339)",2,,,,no,,,,,,2,3,0,0,no_bike_infra,0,0.0,0.0,0.0,0.0,1.0,0.0,3.831289040317999
142762612,asphalt,primary,50,yes,right,,True,False,35.796,"LINESTRING (9.9694356 53.5845336, 9.9692469 53.5848354)",2,DE:urban,no,track,,,,,,,2,5,0,0,shared_bike_lane,0,1.0,0.0,0.0,0.0,0.0,0.0,4.089437819420754
391821253,asphalt,primary,50,yes,separate,,True,False,10.982,"LINESTRING (9.9752907 53.5789076, 9.975379 53.5788239)",2,,no,track,,,,,,,2,5,0,0,shared_bike_lane,0,1.0,0.0,0.0,0.0,0.0,0.0,4.089437819420754
"[391821200, 391821198]",asphalt,residential,30,yes,"['right', 'separate']",,True,False,41.39,"LINESTRING (9.9752907 53.5789076, 9.9751162 53.5788674, 9.9750389 53.5788457, 9.9749251 53.5788107, 9.9747286 53.5787443)",2,,no,track,,,,,,,2,3,0,0,shared_bike_lane,0,1.0,0.0,0.0,0.0,0.0,0.0,3.346678023850059
43661760,asphalt,primary,50,yes,no,,True,False,6.639,"LINESTRING (9.9695378 53.5840079, 9.969636 53.5840208)",2,DE:urban,no,track,,,,,,,2,5,0,0,shared_bike_lane,0,1.0,0.0,0.0,0.0,0.0,0.0,4.089437819420754
26812424,asphalt,primary,50,yes,right,,True,False,83.273,"LINESTRING (9.9695378 53.5840079, 9.9696521 53.5838623, 9.9697608 53.5837614, 9.9701798 53.5833644)",2,DE:urban,no,track,,,,,,,2,5,0,0,shared_bike_lane,0,1.0,0.0,0.0,0.0,0.0,0.0,4.089437819420754
"[137154564, 26933847]",unhewn_cobblestone,service,30,,,,False,True,285.933,"LINESTRING (9.9756627 53.5785787, 9.9755969 53.5785442, 9.9755683 53.5785292, 9.9752939 53.5784621, 9.9749004 53.5783482, 9.9747927 53.5783143, 9.97417 53.5781086, 9.9736575 53.5779476, 9.9732107 53.5778072, 9.9727981 53.5776696, 9.9724889 53.5775333, 9.971987 53.5772501)",1,,,,,,,,,,1,3,0,0,path_cycle,0,0.0,0.0,0.0,0.0,0.0,1.0,3.43333333333333
"[137154564, 26933847]",unhewn_cobblestone,service,30,,,,False,False,285.933,"LINESTRING (9.971987 53.5772501, 9.9724889 53.5775333, 9.9727981 53.5776696, 9.9732107 53.5778072, 9.9736575 53.5779476, 9.97417 53.5781086, 9.9747927 53.5783143, 9.9749004 53.5783482, 9.9752939 53.5784621, 9.9755683 53.5785292, 9.9755969 53.5785442, 9.9756627 53.5785787)",1,,,,,,,,,,1,3,0,0,path_cycle,0,0.0,0.0,0.0,0.0,0.0,1.0,3.43333333333333
50390275,asphalt,residential,50,yes,separate,no,False,False,7.827,"LINESTRING (9.9718261 53.5819262, 9.9719239 53.581966)",2,DE:urban,,,,,,,,,2,5,0,0,no_bike_infra,0,0.0,0.0,0.0,0.0,1.0,0.0,4.574048835888693
"[1150179159, 391821262, 50390278]",asphalt,primary,50,yes,right,,True,False,406.24800000000005,"LINESTRING (9.9718261 53.5819262, 9.9719749 53.5818175, 9.9724049 53.5814453, 9.9731692 53.5807838, 9.9731996 53.5807558, 9.9751436 53.5790476, 9.9751893 53.5790067, 9.9752907 53.5789076)",2,,no,track,,,,,,,2,5,0,0,shared_bike_lane,0,1.0,0.0,0.0,0.0,0.0,0.0,4.089437819420754
"[598167912, 447080961]",asphalt,residential,50,yes,both,no,False,True,91.34,"LINESTRING (9.9718261 53.5819262, 9.971696 53.5818695, 9.9715919 53.5818237, 9.9713268 53.581707, 9.9707204 53.5814324)",2,DE:urban,,,,,,,,,2,5,0,0,no_bike_infra,0,0.0,0.0,0.0,0.0,1.0,0.0,4.574048835888693
42878783,asphalt,service,30,yes,,,False,False,15.367,"LINESTRING (9.969636 53.5840208, 9.9695378 53.5841461)",2,,,,,,,,,,2,3,0,0,no_bike_infra,0,0.0,0.0,0.0,0.0,1.0,0.0,3.831289040317999
47704667,asphalt,primary,50,yes,no,,True,False,10.036,"LINESTRING (9.969636 53.5840208, 9.9697816 53.5840468)",2,DE:urban,no,track,,,,,,,2,5,0,0,shared_bike_lane,0,1.0,0.0,0.0,0.0,0.0,0.0,4.089437819420754
136965467,asphalt,service,50,yes,no,no,False,True,273.9440000000001,"LINESTRING (9.969636 53.5840208, 9.9697727 53.5838893, 9.9698793 53.5837984, 9.9706921 53.5830348, 9.971285 53.5825186, 9.97174 53.5821186, 9.9717739 53.5820905, 9.9718143 53.582057, 9.9719239 53.581966)",2,,,,,,,,,,2,5,0,0,no_bike_infra,0,0.0,0.0,0.0,0.0,1.0,0.0,4.574048835888693
42878783,asphalt,service,30,yes,,,False,True,15.367,"LINESTRING (9.9695378 53.5841461, 9.969636 53.5840208)",2,,,,,,,,,,2,3,0,0,no_bike_infra,0,0.0,0.0,0.0,0.0,1.0,0.0,3.831289040317999
339819560,asphalt,primary,50,yes,no,,True,False,6.703,"LINESTRING (9.9695378 53.5841461, 9.9694395 53.584131)",2,track,no,track,,,,,,,2,5,0,0,shared_bike_lane,0,1.0,0.0,0.0,0.0,0.0,0.0,4.089437819420754
339819574,asphalt,service,30,yes,,,False,False,112.09,"LINESTRING (9.9695378 53.5841461, 9.9694563 53.5842825, 9.9690209 53.5849851, 9.9689573 53.5850934)",2,,,,,,,,,,2,3,0,0,no_bike_infra,0,0.0,0.0,0.0,0.0,1.0,0.0,3.831289040317999
44369258,fine_gravel,path,20,,,,False,True,27.835,"LINESTRING (9.9690602 53.5822116, 9.9690768 53.5822278, 9.9690761 53.5822684, 9.9691196 53.5823053, 9.9691622 53.5823235, 9.9691513 53.5823968, 9.9691901 53.5824307)",1,,,,,,,,,,1,2,0,0,path_cycle,0,0.0,0.0,0.0,0.0,0.0,1.0,3.0619534355479834
142762613,asphalt,primary,50,yes,,,True,False,42.111,"LINESTRING (9.968631 53.5856149, 9.9687497 53.5852428)",2,,no,track,,,,,,,2,5,0,0,shared_bike_lane,0,1.0,0.0,0.0,0.0,0.0,0.0,4.089437819420754
"[41263866, 41263868]",paving_stones,service,30,yes,,,False,False,49.617000000000004,"LINESTRING (9.9655543 53.5813181, 9.9658002 53.581199, 9.9661399 53.5810384)",1,,,,,,,,,,1,3,0,0,path_cycle,0,0.0,0.0,0.0,0.0,0.0,1.0,3.43333333333333
142762609,asphalt,primary,50,yes,both,track,False,False,64.994,"LINESTRING (9.9655543 53.5813181, 9.9653634 53.5811882, 9.9649152 53.5808869, 9.9649039 53.5808793)",4,DE:urban,,,,,,,,,4,5,0,0,shared_bike_lane,0,1.0,0.0,0.0,0.0,0.0,0.0,5.285349233390091
142762609,asphalt,primary,50,yes,both,track,False,True,43.758,"LINESTRING (9.9655543 53.5813181, 9.9659333 53.5815895, 9.9659749 53.5816222)",4,DE:urban,,,,,,,,,4,5,0,0,shared_bike_lane,0,1.0,0.0,0.0,0.0,0.0,0.0,5.285349233390091
"[41263866, 41263868]",paving_stones,service,30,yes,,,False,True,49.617000000000004,"LINESTRING (9.9661399 53.5810384, 9.9658002 53.581199, 9.9655543 53.5813181)",1,,,,,,,,,,1,3,0,0,path_cycle,0,0.0,0.0,0.0,0.0,0.0,1.0,3.43333333333333
44368760,asphalt,primary,50,yes,both,track,False,False,9.225999999999999,"LINESTRING (9.9675133 53.5833634, 9.9674539 53.5833101, 9.9674387 53.5832933)",4,DE:urban,,,,,,,,,4,5,0,0,shared_bike_lane,0,1.0,0.0,0.0,0.0,0.0,0.0,5.285349233390091
142762607,asphalt,primary,50,yes,right,,True,False,51.967999999999996,"LINESTRING (9.9675133 53.5833634, 9.9677728 53.5835027, 9.9679331 53.5835888, 9.9681171 53.5836617)",2,DE:urban,no,track,,,,,,,2,5,0,0,shared_bike_lane,0,1.0,0.0,0.0,0.0,0.0,0.0,4.089437819420754
44369258,fine_gravel,path,20,,,,False,False,27.835,"LINESTRING (9.9691901 53.5824307, 9.9691513 53.5823968, 9.9691622 53.5823235, 9.9691196 53.5823053, 9.9690761 53.5822684, 9.9690768 53.5822278, 9.9690602 53.5822116)",1,,,,,,,,,,1,2,0,0,path_cycle,0,0.0,0.0,0.0,0.0,0.0,1.0,3.0619534355479834
44369256,,service,30,yes,,,False,True,69.161,"LINESTRING (9.9698353 53.5826721, 9.9703803 53.5821409)",1,,,,,,,,,,1,3,0,0,path_cycle,0,0.0,0.0,0.0,0.0,0.0,1.0,3.43333333333333
44369262,,service,30,yes,,,False,True,19.627,"LINESTRING (9.9701319 53.5820439, 9.9703803 53.5821409)",1,,,,,,,,,,1,3,0,0,path_cycle,0,0.0,0.0,0.0,0.0,0.0,1.0,3.43333333333333
44369256,,service,30,yes,,,False,False,69.161,"LINESTRING (9.9703803 53.5821409, 9.9698353 53.5826721)",1,,,,,,,,,,1,3,0,0,path_cycle,0,0.0,0.0,0.0,0.0,0.0,1.0,3.43333333333333
44369262,,service,30,yes,,,False,False,19.627,"LINESTRING (9.9703803 53.5821409, 9.9701319 53.5820439)",1,,,,,,,,,,1,3,0,0,path_cycle,0,0.0,0.0,0.0,0.0,0.0,1.0,3.43333333333333
44369262,,service,30,yes,,,False,True,71.044,"LINESTRING (9.9703803 53.5821409, 9.9704319 53.5820945, 9.97056 53.582104, 9.9712125 53.5823515, 9.9712792 53.5823768)",1,,,,,,,,,,1,3,0,0,path_cycle,0,0.0,0.0,0.0,0.0,0.0,1.0,3.43333333333333
26812424,asphalt,primary,50,yes,right,,True,False,61.80199999999999,"LINESTRING (9.9712792 53.5823768, 9.9716496 53.5820551, 9.9717048 53.5820148, 9.9718261 53.5819262)",2,DE:urban,no,track,,,,,,,2,5,0,0,shared_bike_lane,0,1.0,0.0,0.0,0.0,0.0,0.0,4.089437819420754
44369262,,service,30,yes,,,False,False,71.04400000000001,"LINESTRING (9.9712792 53.5823768, 9.9712125 53.5823515, 9.97056 53.582104, 9.9704319 53.5820945, 9.9703803 53.5821409)",1,,,,,,,,,,1,3,0,0,path_cycle,0,0.0,0.0,0.0,0.0,0.0,1.0,3.43333333333333
20339701,asphalt,primary,50,yes,right,,True,False,93.21000000000001,"LINESTRING (9.9736382 53.5805619, 9.9733815 53.5807958, 9.9733536 53.5808193, 9.9728782 53.5812683)",2,,no,track,,,,,,,2,5,0,0,shared_bike_lane,0,1.0,0.0,0.0,0.0,0.0,0.0,4.089437819420754
26812424,asphalt,primary,50,yes,right,,True,False,22.841,"LINESTRING (9.9701798 53.5833644, 9.9703801 53.5831969)",2,DE:urban,no,track,,,,,,,2,5,0,0,shared_bike_lane,0,1.0,0.0,0.0,0.0,0.0,0.0,4.089437819420754
131446720,,service,30,yes,,,True,False,18.268,"LINESTRING (9.9701798 53.5833644, 9.9701102 53.5833382, 9.969946 53.5832765)",1,,,,,,,,,,1,3,0,0,path_cycle,0,0.0,0.0,0.0,0.0,0.0,1.0,3.43333333333333
26624848,asphalt,residential,30,yes,none,,False,True,4.815,"LINESTRING (9.9663023 53.582943, 9.9663347 53.5829818)",2,,,,,,,,,,2,3,0,0,no_bike_infra,0,0.0,0.0,0.0,0.0,1.0,0.0,3.831289040317999
54461833,asphalt,residential,30,yes,right,,True,False,52.842000000000006,"LINESTRING (9.9663023 53.582943, 9.9664391 53.5829045, 9.9667691 53.5826968, 9.9668845 53.5826242)",2,,,,no,,,,,,2,3,0,0,no_bike_infra,0,0.0,0.0,0.0,0.0,1.0,0.0,3.831289040317999
142762610,asphalt,primary,50,yes,both,track,False,False,32.667,"LINESTRING (9.9628853 53.5786255, 9.9626195 53.5783777)",4,DE:urban,,,,,,,,,4,5,0,0,shared_bike_lane,0,1.0,0.0,0.0,0.0,0.0,0.0,5.285349233390091
952072735,asphalt,primary,50,yes,right,,True,False,87.25,"LINESTRING (9.9628853 53.5786255, 9.9631247 53.5787448, 9.9632935 53.5788976, 9.9633896 53.5789896, 9.9634441 53.5790505, 9.963481 53.5790963, 9.9636201 53.5792656)",2,DE:urban,no,track,,,,,,,2,5,0,0,shared_bike_lane,0,1.0,0.0,0.0,0.0,0.0,0.0,4.089437819420754
952072736,paving_stones,service,30,,,,False,False,15.263,"LINESTRING (9.9619924 53.5786167, 9.9621234 53.5787298)",1,,,,,,,,,,1,3,0,0,path_cycle,0,0.0,0.0,0.0,0.0,0.0,1.0,3.43333333333333
"[173937384, 173937377, 54584620]",paving_stones,service,30,yes,,,False,True,49.298,"LINESTRING (9.9619924 53.5786167, 9.9622874 53.5785112, 9.9624467 53.5784586, 9.9626195 53.5783777)",1,,,,,,,,,,1,3,0,0,path_cycle,0,0.0,0.0,0.0,0.0,0.0,1.0,3.43333333333333
1186493204,,service,30,,,,False,False,18.746,"LINESTRING (9.9619924 53.5786167, 9.9619288 53.5785962, 9.9618876 53.5785807, 9.9618638 53.5785755, 9.9618393 53.5785723, 9.9618155 53.5785741, 9.961789 53.5785805, 9.96174 53.5786008)",1,,,,,,,,,,1,3,0,0,path_cycle,0,0.0,0.0,0.0,0.0,0.0,1.0,3.43333333333333
142762610,asphalt,primary,50,yes,both,track,False,True,32.667,"LINESTRING (9.9626195 53.5783777, 9.9628853 53.5786255)",4,DE:urban,,,,,,,,,4,5,0,0,shared_bike_lane,0,1.0,0.0,0.0,0.0,0.0,0.0,5.285349233390091
"[173937384, 173937377, 54584620]",paving_stones,service,30,yes,,,False,False,49.298,"LINESTRING (9.9626195 53.5783777, 9.9624467 53.5784586, 9.9622874 53.5785112, 9.9619924 53.5786167)",1,,,,,,,,,,1,3,0,0,path_cycle,0,0.0,0.0,0.0,0.0,0.0,1.0,3.43333333333333
142762610,asphalt,primary,50,yes,both,track,False,False,34.272,"LINESTRING (9.9626195 53.5783777, 9.9624504 53.5782109, 9.9623556 53.5781123)",4,DE:urban,,,,,,,,,4,5,0,0,shared_bike_lane,0,1.0,0.0,0.0,0.0,0.0,0.0,5.285349233390091
952072736,paving_stones,service,30,,,,False,True,15.263,"LINESTRING (9.9621234 53.5787298, 9.9619924 53.5786167)",1,,,,,,,,,,1,3,0,0,path_cycle,0,0.0,0.0,0.0,0.0,0.0,1.0,3.43333333333333
55364612,,service,30,yes,,,False,True,165.866,"LINESTRING (9.9670489 53.5851441, 9.9672163 53.5848784, 9.9673218 53.5846041, 9.9681912 53.5838345)",1,,,,,,,permissive,,,1,3,0,0,path_cycle,0,0.0,0.0,0.0,0.0,0.0,1.0,3.43333333333333
"[945220857, 945220853, 945220854]",paving_stones,service,30,yes,,,False,False,51.541,"LINESTRING (9.9650419 53.5840166, 9.9651787 53.5840703, 9.9653292 53.5841286, 9.9653949 53.5841546, 9.9655339 53.5841368, 9.965647 53.5840276)",1,,,,,,,permissive,,,1,3,0,0,path_cycle,0,0.0,0.0,0.0,0.0,0.0,1.0,3.43333333333333
5368900,asphalt,residential,30,yes,both,opposite,True,False,19.544,"LINESTRING (9.9655316 53.5835806, 9.965365 53.5837259)",2,,,,no,6.8,no,,,,2,3,0,0,cycle_track,0,0.0,0.0,1.0,0.0,0.0,0.0,3.618398637137989
"[55364616, 644816174, 644816175]",,service,30,yes,,,False,False,27.985000000000003,"LINESTRING (9.9655316 53.5835806, 9.9656623 53.5836332, 9.9657681 53.583676, 9.9658822 53.5837221)",1,,,,,,,permissive,,,1,3,0,0,path_cycle,0,0.0,0.0,0.0,0.0,0.0,1.0,3.43333333333333
"[55364616, 644816174, 644816175]",,service,30,yes,,,False,True,27.985,"LINESTRING (9.9658822 53.5837221, 9.9657681 53.583676, 9.9656623 53.5836332, 9.9655316 53.5835806)",1,,,,,,,permissive,,,1,3,0,0,path_cycle,0,0.0,0.0,0.0,0.0,0.0,1.0,3.43333333333333
55364612,,service,30,yes,,,False,False,165.866,"LINESTRING (9.9681912 53.5838345, 9.9673218 53.5846041, 9.9672163 53.5848784, 9.9670489 53.5851441)",1,,,,,,,permissive,,,1,3,0,0,path_cycle,0,0.0,0.0,0.0,0.0,0.0,1.0,3.43333333333333
142762604,asphalt,primary,50,yes,right,,True,False,60.05,"LINESTRING (9.9681912 53.5838345, 9.9680002 53.5837447, 9.9678342 53.5836578, 9.9676173 53.5835175, 9.9675712 53.5834492)",2,DE:urban,no,track,,,,,,,2,5,0,0,shared_bike_lane,0,1.0,0.0,0.0,0.0,0.0,0.0,4.089437819420754
"[55414424, 878949978, 878949979]",sett,service,30,yes,,,False,True,51.92,"LINESTRING (9.9685347 53.5841859, 9.9689108 53.5842671, 9.9690989 53.5843049, 9.9691556 53.58433, 9.9692646 53.5843553)",1,,,,,,,permissive,,,1,3,0,0,dirt_cycle_track,0,0.0,0.0,0.0,1.0,0.0,0.0,3.5333333333333297
"[55414424, 878949978, 878949979]",asphalt,service,30,yes,,,False,False,51.92,"LINESTRING (9.9692646 53.5843553, 9.9691556 53.58433, 9.9690989 53.5843049, 9.9689108 53.5842671, 9.9685347 53.5841859)",1,,,,,,,permissive,,,1,3,0,0,no_bike_infra,0,0.0,0.0,0.0,0.0,1.0,0.0,3.23333333333333
218907472,asphalt,primary,50,yes,right,,True,False,27.488,"LINESTRING (9.9692646 53.5843553, 9.9693476 53.5842543, 9.9694395 53.584131)",2,DE:urban,no,track,,,,,,,2,5,0,0,shared_bike_lane,0,1.0,0.0,0.0,0.0,0.0,0.0,4.089437819420754
"[951736772, 56202286]",paving_stones,service,30,yes,,,False,True,92.226,"LINESTRING (9.9612278 53.5811208, 9.9620733 53.5807138, 9.9623129 53.5805984)",1,,,,,,,permissive,,,1,3,0,0,path_cycle,0,0.0,0.0,0.0,0.0,0.0,1.0,3.43333333333333
9897692,asphalt,residential,30,yes,both,no,False,False,89.131,"LINESTRING (9.9623129 53.5805984, 9.9622386 53.5805397, 9.961773 53.5801823, 9.9614903 53.5799628)",2,,,,,,,,,,2,3,0,0,no_bike_infra,0,0.0,0.0,0.0,0.0,1.0,0.0,3.831289040317999
9897692,asphalt,residential,30,yes,both,no,False,True,63.471000000000004,"LINESTRING (9.9623129 53.5805984, 9.9623992 53.5806698, 9.9625124 53.5807635, 9.9628759 53.5810611)",2,,,,,,,,,,2,3,0,0,no_bike_infra,0,0.0,0.0,0.0,0.0,1.0,0.0,3.831289040317999
"[951736772, 56202286]",paving_stones,service,30,yes,,,False,False,92.226,"LINESTRING (9.9623129 53.5805984, 9.9620733 53.5807138, 9.9612278 53.5811208)",1,,,,,,,permissive,,,1,3,0,0,path_cycle,0,0.0,0.0,0.0,0.0,0.0,1.0,3.43333333333333
50390277,asphalt,primary,50,yes,right,,True,False,38.965,"LINESTRING (9.9710814 53.5827922, 9.9707644 53.5830878)",2,DE:urban,no,track,,,,,,,2,5,0,0,shared_bike_lane,0,1.0,0.0,0.0,0.0,0.0,0.0,4.089437819420754
131446719,,service,30,yes,,,False,True,36.861,"LINESTRING (9.9694708 53.5831024, 9.969946 53.5832765)",1,,,,,,,,,,1,3,0,0,path_cycle,0,0.0,0.0,0.0,0.0,0.0,1.0,3.43333333333333
131446719,,service,30,yes,,,False,False,68.318,"LINESTRING (9.9694708 53.5831024, 9.969396 53.5831631, 9.9693345 53.5832164, 9.9692597 53.5832213, 9.9692064 53.5831986, 9.9692081 53.5831552, 9.9693344 53.583032, 9.9693858 53.5829956, 9.9694626 53.5830012, 9.9694975 53.5830288, 9.9694842 53.5830742, 9.9694708 53.5831024)",1,,,,,,,,,,1,3,0,0,path_cycle,0,0.0,0.0,0.0,0.0,0.0,1.0,3.43333333333333
131446719,,service,30,yes,,,False,True,68.318,"LINESTRING (9.9694708 53.5831024, 9.9694842 53.5830742, 9.9694975 53.5830288, 9.9694626 53.5830012, 9.9693858 53.5829956, 9.9693344 53.583032, 9.9692081 53.5831552, 9.9692064 53.5831986, 9.9692597 53.5832213, 9.9693345 53.5832164, 9.969396 53.5831631, 9.9694708 53.5831024)",1,,,,,,,,,,1,3,0,0,path_cycle,0,0.0,0.0,0.0,0.0,0.0,1.0,3.43333333333333
26812424,asphalt,primary,50,yes,right,,True,False,23.112,"LINESTRING (9.9703801 53.5831969, 9.9705711 53.5830227)",2,DE:urban,no,track,,,,,,,2,5,0,0,shared_bike_lane,0,1.0,0.0,0.0,0.0,0.0,0.0,4.089437819420754
131446719,,service,30,yes,,,False,False,36.861,"LINESTRING (9.969946 53.5832765, 9.9694708 53.5831024)",1,,,,,,,,,,1,3,0,0,path_cycle,0,0.0,0.0,0.0,0.0,0.0,1.0,3.43333333333333
131446721,,service,30,yes,,,True,False,35.523,"LINESTRING (9.969946 53.5832765, 9.970062 53.5831681, 9.9702023 53.5831822, 9.9702796 53.5831886, 9.9703801 53.5831969)",1,,,,,,,,,,1,3,0,0,path_cycle,0,0.0,0.0,0.0,0.0,0.0,1.0,3.43333333333333
137247324,asphalt,residential,30,yes,both,no,False,False,59.004,"LINESTRING (9.9704297 53.576987, 9.9710932 53.5773425)",2,,,,,,,,,,2,3,0,0,no_bike_infra,0,0.0,0.0,0.0,0.0,1.0,0.0,3.831289040317999
"[137247324, 1040637118]",asphalt,residential,30,yes,"['both', 'separate']",no,False,True,64.178,"LINESTRING (9.9704297 53.576987, 9.9697877 53.5766608, 9.969688 53.576614)",2,,,,,,,,,,2,3,0,0,no_bike_infra,0,0.0,0.0,0.0,0.0,1.0,0.0,3.831289040317999
137247324,asphalt,residential,30,yes,both,no,False,False,76.335,"LINESTRING (9.9710932 53.5773425, 9.9719478 53.5778049)",2,,,,,,,,,,2,3,0,0,no_bike_infra,0,0.0,0.0,0.0,0.0,1.0,0.0,3.831289040317999
137247324,asphalt,residential,30,yes,both,no,False,True,59.004,"LINESTRING (9.9710932 53.5773425, 9.9704297 53.576987)",2,,,,,,,,,,2,3,0,0,no_bike_infra,0,0.0,0.0,0.0,0.0,1.0,0.0,3.831289040317999
137159050,sett,residential,30,yes,both,opposite,True,False,378.591,"LINESTRING (9.9710932 53.5773425, 9.9692097 53.5786674, 9.9673919 53.5799431)",2,,,,,,no,,,,2,3,0,0,cycle_track,0,0.0,0.0,1.0,0.0,0.0,0.0,3.618398637137989
137247324,asphalt,residential,30,yes,both,no,False,True,76.335,"LINESTRING (9.9719478 53.5778049, 9.9710932 53.5773425)",2,,,,,,,,,,2,3,0,0,no_bike_infra,0,0.0,0.0,0.0,0.0,1.0,0.0,3.831289040317999
137247324,asphalt,residential,30,yes,both,no,False,False,81.003,"LINESTRING (9.9719478 53.5778049, 9.9724342 53.5780147, 9.9729691 53.5782075)",2,,,,,,,,,,2,3,0,0,no_bike_infra,0,0.0,0.0,0.0,0.0,1.0,0.0,3.831289040317999
137159061,asphalt,residential,30,yes,both,opposite,True,False,375.615,"LINESTRING (9.9729691 53.5782075, 9.9695484 53.5809068)",2,,,,,,no,,,,2,3,0,0,cycle_track,0,0.0,0.0,1.0,0.0,0.0,0.0,3.618398637137989
137247324,asphalt,residential,30,yes,both,no,False,False,77.038,"LINESTRING (9.9729691 53.5782075, 9.973199 53.57828, 9.9737972 53.5784685, 9.9739992 53.578533)",2,,,,,,,,,,2,3,0,0,no_bike_infra,0,0.0,0.0,0.0,0.0,1.0,0.0,3.831289040317999
137247324,asphalt,residential,30,yes,both,no,False,True,81.003,"LINESTRING (9.9729691 53.5782075, 9.9724342 53.5780147, 9.9719478 53.5778049)",2,,,,,,,,,,2,3,0,0,no_bike_infra,0,0.0,0.0,0.0,0.0,1.0,0.0,3.831289040317999
137159055,sett,residential,30,yes,both,opposite,True,False,387.83200000000005,"LINESTRING (9.9739992 53.578533, 9.9723393 53.5798659, 9.9709195 53.5810805, 9.9705798 53.5813687)",2,,,,,7.5,no,,,,2,3,0,0,cycle_track,0,0.0,0.0,1.0,0.0,0.0,0.0,3.618398637137989
137247324,asphalt,residential,30,yes,both,no,False,False,53.67,"LINESTRING (9.9739992 53.578533, 9.9744065 53.5786651, 9.9745632 53.5787076, 9.9747286 53.5787443)",2,,,,,,,,,,2,3,0,0,no_bike_infra,0,0.0,0.0,0.0,0.0,1.0,0.0,3.831289040317999
137247324,asphalt,residential,30,yes,both,no,False,True,77.03800000000001,"LINESTRING (9.9739992 53.578533, 9.9737972 53.5784685, 9.973199 53.57828, 9.9729691 53.5782075)",2,,,,,,,,,,2,3,0,0,no_bike_infra,0,0.0,0.0,0.0,0.0,1.0,0.0,3.831289040317999
136965454,asphalt,residential,30,yes,,no,True,False,8.346,"LINESTRING (9.9754086 53.5789347, 9.9752907 53.5789076)",2,,,,,,,,,,2,3,0,0,no_bike_infra,0,0.0,0.0,0.0,0.0,1.0,0.0,3.831289040317999
136965467,asphalt,service,50,yes,no,no,False,True,11.475,"LINESTRING (9.9754086 53.5789347, 9.9755034 53.5788482)",2,,,,,,,,,,2,5,0,0,no_bike_infra,0,0.0,0.0,0.0,0.0,1.0,0.0,4.574048835888693
136965467,asphalt,service,50,yes,no,no,False,False,408.113,"LINESTRING (9.9754086 53.5789347, 9.975289 53.5790426, 9.9751425 53.5791734, 9.9743558 53.5798334, 9.9733025 53.5807626, 9.973275 53.5807869, 9.9732447 53.5808135, 9.9727744 53.5812271, 9.9721126 53.5818095, 9.9721042 53.5818165, 9.9720598 53.5818533, 9.9719239 53.581966)",2,,,,,,,,,,2,5,0,0,no_bike_infra,0,0.0,0.0,0.0,0.0,1.0,0.0,4.574048835888693
"[5112497, 1040637119]",asphalt,tertiary,50,yes,"['both', 'separate']",no,False,True,386.72799999999995,"LINESTRING (9.9651254 53.578936, 9.9653943 53.5788706, 9.9654479 53.5788492, 9.9655076 53.5788186, 9.9657115 53.5787024, 9.9657506 53.5786825, 9.9659241 53.5785868, 9.9690811 53.5768446, 9.9693729 53.5766794, 9.9694697 53.5766198)",2,DE:urban,,,,,,,perpendicular,,2,5,1,1,no_bike_infra,0,0.0,0.0,0.0,0.0,1.0,0.0,5.154968767745593
"[952072733, 952072726]",asphalt,tertiary,50,yes,both,no,False,False,106.256,"LINESTRING (9.9651254 53.578936, 9.9649613 53.5789728, 9.9649107 53.5789842, 9.9645955 53.5790594, 9.963972 53.5792102, 9.9638828 53.579231, 9.9638021 53.5792498, 9.9637069 53.5792623, 9.9636201 53.5792656)",2,DE:urban,,,,,,,,,2,5,0,0,no_bike_infra,0,0.0,0.0,0.0,0.0,1.0,0.0,4.574048835888693
"[137159043, 952072727]",asphalt,residential,50,yes,both,no,False,False,83.40299999999999,"LINESTRING (9.9651254 53.578936, 9.9654084 53.5790649, 9.9654513 53.5790844, 9.9656875 53.579192, 9.9661248 53.5793948)",2,DE:urban,,,,,,,,,2,5,0,0,no_bike_infra,0,0.0,0.0,0.0,0.0,1.0,0.0,4.574048835888693
"[973052607, 952072727]",asphalt,residential,50,yes,both,no,False,True,107.56700000000001,"LINESTRING (9.9651254 53.578936, 9.964869 53.5788253, 9.9648264 53.5788069, 9.9647908 53.5787915, 9.9644075 53.5786275, 9.964294 53.5785652, 9.9642214 53.578517, 9.9641651 53.5784728, 9.9641143 53.5784205, 9.964067 53.5783565, 9.9640067 53.5782641)",2,DE:urban,,,,,,,,,2,5,0,0,no_bike_infra,0,0.0,0.0,0.0,0.0,1.0,0.0,4.574048835888693
137159043,asphalt,residential,50,yes,both,no,False,False,29.971,"LINESTRING (9.9661248 53.5793948, 9.9664949 53.5795509)",2,DE:urban,,,,,,,,,2,5,0,0,no_bike_infra,0,0.0,0.0,0.0,0.0,1.0,0.0,4.574048835888693
"[137159043, 952072727]",asphalt,residential,50,yes,both,no,False,True,83.403,"LINESTRING (9.9661248 53.5793948, 9.9656875 53.579192, 9.9654513 53.5790844, 9.9654084 53.5790649, 9.9651254 53.578936)",2,DE:urban,,,,,,,,,2,5,0,0,no_bike_infra,0,0.0,0.0,0.0,0.0,1.0,0.0,4.574048835888693
137159043,asphalt,residential,50,yes,both,no,False,False,62.413,"LINESTRING (9.9664949 53.5795509, 9.9672562 53.5798837)",2,DE:urban,,,,,,,,,2,5,0,0,no_bike_infra,0,0.0,0.0,0.0,0.0,1.0,0.0,4.574048835888693
137159043,asphalt,residential,50,yes,both,no,False,True,29.971,"LINESTRING (9.9664949 53.5795509, 9.9661248 53.5793948)",2,DE:urban,,,,,,,,,2,5,0,0,no_bike_infra,0,0.0,0.0,0.0,0.0,1.0,0.0,4.574048835888693
137159045,sett,residential,30,yes,both,opposite,True,False,385.70000000000005,"LINESTRING (9.9664949 53.5795509, 9.9684634 53.5782826, 9.9704297 53.576987)",2,,,,,,no,,,,2,3,0,0,cycle_track,0,0.0,0.0,1.0,0.0,0.0,0.0,3.618398637137989
137159043,asphalt,residential,50,yes,both,no,False,False,11.13,"LINESTRING (9.9672562 53.5798837, 9.9673919 53.5799431)",2,DE:urban,,,,,,,,,2,5,0,0,no_bike_infra,0,0.0,0.0,0.0,0.0,1.0,0.0,4.574048835888693
137159043,asphalt,residential,50,yes,both,no,False,True,62.413,"LINESTRING (9.9672562 53.5798837, 9.9664949 53.5795509)",2,DE:urban,,,,,,,,,2,5,0,0,no_bike_infra,0,0.0,0.0,0.0,0.0,1.0,0.0,4.574048835888693
137159053,sett,residential,30,yes,both,opposite,True,False,190.71599999999998,"LINESTRING (9.9672562 53.5798837, 9.9668006 53.5800701, 9.9650416 53.5808206, 9.9649039 53.5808793)",2,,,,,,no,,,,2,3,0,0,cycle_track,0,0.0,0.0,1.0,0.0,0.0,0.0,3.618398637137989
137159043,asphalt,residential,50,yes,both,no,False,False,90.838,"LINESTRING (9.9673919 53.5799431, 9.9684882 53.5804368)",2,DE:urban,,,,,,,,,2,5,0,0,no_bike_infra,0,0.0,0.0,0.0,0.0,1.0,0.0,4.574048835888693
137159043,asphalt,residential,50,yes,both,no,False,True,11.13,"LINESTRING (9.9673919 53.5799431, 9.9672562 53.5798837)",2,DE:urban,,,,,,,,,2,5,0,0,no_bike_infra,0,0.0,0.0,0.0,0.0,1.0,0.0,4.574048835888693
137159043,asphalt,residential,50,yes,both,no,False,True,90.838,"LINESTRING (9.9684882 53.5804368, 9.9673919 53.5799431)",2,DE:urban,,,,,,,,,2,5,0,0,no_bike_infra,0,0.0,0.0,0.0,0.0,1.0,0.0,4.574048835888693
137159058,sett,residential,30,yes,both,opposite,True,False,371.229,"LINESTRING (9.9684882 53.5804368, 9.9719478 53.5778049)",2,,,,,,no,,,,2,3,0,0,cycle_track,0,0.0,0.0,1.0,0.0,0.0,0.0,3.618398637137989
"[137159043, 685103679]",asphalt,residential,50,yes,both,no,False,False,87.349,"LINESTRING (9.9684882 53.5804368, 9.9692189 53.5807607, 9.9695484 53.5809068)",2,DE:urban,,,,,,,,,2,5,0,0,no_bike_infra,0,0.0,0.0,0.0,0.0,1.0,0.0,4.574048835888693
"[137159048, 137159047]",asphalt,primary,50,yes,both,track,False,False,64.014,"LINESTRING (9.9649039 53.5808793, 9.9648573 53.5808451, 9.9648309 53.5808267, 9.9647603 53.5807777, 9.9646844 53.5807278, 9.9645577 53.5806222, 9.9644727 53.5805295, 9.9643721 53.5804022)",4,DE:urban,,,,,,,,,4,5,0,0,shared_bike_lane,0,1.0,0.0,0.0,0.0,0.0,0.0,5.285349233390091
142762609,asphalt,primary,50,yes,both,track,False,True,64.994,"LINESTRING (9.9649039 53.5808793, 9.9649152 53.5808869, 9.9653634 53.5811882, 9.9655543 53.5813181)",4,DE:urban,,,,,,,,,4,5,0,0,shared_bike_lane,0,1.0,0.0,0.0,0.0,0.0,0.0,5.285349233390091
"[447080960, 447080961, 685103679]",asphalt,residential,50,yes,both,no,False,False,85.291,"LINESTRING (9.9695484 53.5809068, 9.969756 53.5809969, 9.9698487 53.5810371, 9.9699661 53.5810908, 9.9701016 53.5811522, 9.9705798 53.5813687)",2,DE:urban,,,,,,,,perpendicular,2,5,1,1,no_bike_infra,0,0.0,0.0,0.0,0.0,1.0,0.0,5.154968767745593
"[137159043, 685103679]",asphalt,residential,50,yes,both,no,False,True,87.349,"LINESTRING (9.9695484 53.5809068, 9.9692189 53.5807607, 9.9684882 53.5804368)",2,DE:urban,,,,,,,,,2,5,0,0,no_bike_infra,0,0.0,0.0,0.0,0.0,1.0,0.0,4.574048835888693
"[1023939357, 5368838]",sett,residential,30,yes,both,no,False,False,73.83800000000001,"LINESTRING (9.9695484 53.5809068, 9.9693994 53.580999, 9.9690736 53.5812026, 9.9689339 53.5812899, 9.9687826 53.5813907)",2,,,,,,,,,,2,3,0,0,dirt_cycle_track,0,0.0,0.0,0.0,1.0,0.0,0.0,4.1312890403179985
447080961,asphalt,residential,50,yes,both,no,False,False,11.676,"LINESTRING (9.9705798 53.5813687, 9.9707204 53.5814324)",2,DE:urban,,,,,,,,,2,5,0,0,no_bike_infra,0,0.0,0.0,0.0,0.0,1.0,0.0,4.574048835888693
"[447080960, 447080961, 685103679]",asphalt,residential,50,yes,both,no,False,True,85.291,"LINESTRING (9.9705798 53.5813687, 9.9701016 53.5811522, 9.9699661 53.5810908, 9.9698487 53.5810371, 9.969756 53.5809969, 9.9695484 53.5809068)",2,DE:urban,,,,,,,,perpendicular,2,5,1,1,no_bike_infra,0,0.0,0.0,0.0,0.0,1.0,0.0,5.154968767745593
50390275,asphalt,residential,50,yes,separate,no,False,False,8.989,"LINESTRING (9.9719239 53.581966, 9.9720428 53.5820054)",2,DE:urban,,,,,,,,,2,5,0,0,no_bike_infra,0,0.0,0.0,0.0,0.0,1.0,0.0,4.574048835888693
50390275,asphalt,residential,50,yes,separate,no,False,True,7.827,"LINESTRING (9.9719239 53.581966, 9.9718261 53.5819262)",2,DE:urban,,,,,,,,,2,5,0,0,no_bike_infra,0,0.0,0.0,0.0,0.0,1.0,0.0,4.574048835888693
136965467,asphalt,service,50,yes,no,no,False,False,273.944,"LINESTRING (9.9719239 53.581966, 9.9718143 53.582057, 9.9717739 53.5820905, 9.97174 53.5821186, 9.971285 53.5825186, 9.9706921 53.5830348, 9.9698793 53.5837984, 9.9697727 53.5838893, 9.969636 53.5840208)",2,,,,,,,,,,2,5,0,0,no_bike_infra,0,0.0,0.0,0.0,0.0,1.0,0.0,4.574048835888693
136965467,asphalt,service,50,yes,no,no,False,True,408.11299999999994,"LINESTRING (9.9719239 53.581966, 9.9720598 53.5818533, 9.9721042 53.5818165, 9.9721126 53.5818095, 9.9727744 53.5812271, 9.9732447 53.5808135, 9.973275 53.5807869, 9.9733025 53.5807626, 9.9743558 53.5798334, 9.9751425 53.5791734, 9.975289 53.5790426, 9.9754086 53.5789347)",2,,,,,,,,,,2,5,0,0,no_bike_infra,0,0.0,0.0,0.0,0.0,1.0,0.0,4.574048835888693
50390275,asphalt,residential,50,yes,separate,no,False,True,8.989,"LINESTRING (9.9720428 53.5820054, 9.9719239 53.581966)",2,DE:urban,,,,,,,,,2,5,0,0,no_bike_infra,0,0.0,0.0,0.0,0.0,1.0,0.0,4.574048835888693
50390277,asphalt,primary,50,yes,right,,True,False,108.11999999999999,"LINESTRING (9.9720428 53.5820054, 9.9719149 53.5820959, 9.9710814 53.5827922)",2,DE:urban,no,track,,,,,,,2,5,0,0,shared_bike_lane,0,1.0,0.0,0.0,0.0,0.0,0.0,4.089437819420754
418676719,asphalt,primary,50,yes,no,,True,False,14.72,"LINESTRING (9.9697816 53.5840468, 9.969676 53.5841634)",2,DE:urban,no,track,,,,,,,2,5,0,0,shared_bike_lane,0,1.0,0.0,0.0,0.0,0.0,0.0,4.089437819420754
142762608,asphalt,primary,50,yes,no,,True,False,9.323,"LINESTRING (9.969676 53.5841634, 9.9695378 53.5841461)",2,DE:urban,no,track,,,,,,,2,5,0,0,shared_bike_lane,0,1.0,0.0,0.0,0.0,0.0,0.0,4.089437819420754
142762612,asphalt,primary,50,yes,right,,True,False,44.132000000000005,"LINESTRING (9.969676 53.5841634, 9.969569 53.5843424, 9.9694356 53.5845336)",2,DE:urban,no,track,,,,,,,2,5,0,0,shared_bike_lane,0,1.0,0.0,0.0,0.0,0.0,0.0,4.089437819420754
218907473,asphalt,primary,50,yes,right,,True,False,53.282000000000004,"LINESTRING (9.9688531 53.5856918, 9.9687365 53.5860041, 9.9687158 53.5860594, 9.968679 53.5861597)",3,,no,track,,,,,,,3,5,0,0,shared_bike_lane,0,1.0,0.0,0.0,0.0,0.0,0.0,4.6873935264054225
142762618,asphalt,residential,30,yes,both,,False,False,68.545,"LINESTRING (9.9621579 53.5815064, 9.9628759 53.5810611)",2,,,,no,6.8,,,,,2,3,0,0,no_bike_infra,0,0.0,0.0,0.0,0.0,1.0,0.0,3.831289040317999
137255513,paving_stones,path,20,yes,,,False,True,83.628,"LINESTRING (9.9641205 53.5820717, 9.9634652 53.5825956, 9.9633652 53.5826755)",1,,,,,,,,,,1,2,0,0,path_cycle,0,0.0,0.0,0.0,0.0,0.0,1.0,3.0619534355479834
142762611,asphalt,residential,30,yes,both,opposite,True,False,73.417,"LINESTRING (9.9641205 53.5820717, 9.9644722 53.582297, 9.9649233 53.5825271)",2,,,,,,no,,,,2,3,0,0,cycle_track,0,0.0,0.0,1.0,0.0,0.0,0.0,3.618398637137989
137255513,paving_stones,path,20,yes,,,False,False,83.628,"LINESTRING (9.9633652 53.5826755, 9.9634652 53.5825956, 9.9641205 53.5820717)",1,,,,,,,,,,1,2,0,0,path_cycle,0,0.0,0.0,0.0,0.0,0.0,1.0,3.0619534355479834
234865664,asphalt,residential,30,yes,both,opposite,True,False,153.16800000000003,"LINESTRING (9.9633652 53.5826755, 9.9630172 53.5823998, 9.9628069 53.5822131, 9.9626178 53.5820057, 9.9625421 53.5819116, 9.9623888 53.5817213, 9.962285 53.5815924, 9.9621579 53.5815064)",2,,,,,6.8,no,,,,2,3,0,0,cycle_track,0,0.0,0.0,1.0,0.0,0.0,0.0,3.618398637137989
142762603,asphalt,residential,50,yes,both,no,False,False,63.293,"LINESTRING (9.9636566 53.5777342, 9.9640067 53.5782641)",2,DE:urban,,,,,,,,,2,5,0,0,no_bike_infra,0,0.0,0.0,0.0,0.0,1.0,0.0,4.574048835888693
973052604,asphalt,residential,50,yes,both,no,True,False,25.287,"LINESTRING (9.9636566 53.5777342, 9.9635968 53.5776707, 9.9635767 53.5776452, 9.963562 53.5776195, 9.9635462 53.5775869, 9.9635386 53.5775747, 9.9635266 53.5775583, 9.9635128 53.5775452, 9.9634931 53.5775301)",2,DE:urban,,,,,,,,,2,5,0,0,no_bike_infra,0,0.0,0.0,0.0,0.0,1.0,0.0,4.574048835888693
973052605,paving_stones,service,30,,,,False,True,19.081000000000003,"LINESTRING (9.9636566 53.5777342, 9.9635175 53.5777742, 9.963396 53.5778084)",1,,,,,,,,,,1,3,0,0,path_cycle,0,0.0,0.0,0.0,0.0,0.0,1.0,3.43333333333333
42878786,asphalt,primary,50,yes,no,,True,False,15.148,"LINESTRING (9.9694395 53.584131, 9.9695378 53.5840079)",2,DE:urban,no,track,,,,,,,2,5,0,0,shared_bike_lane,0,1.0,0.0,0.0,0.0,0.0,0.0,4.089437819420754
142762604,asphalt,primary,50,yes,right,,True,False,89.187,"LINESTRING (9.9694395 53.584131, 9.9692066 53.5840964, 9.9686572 53.583982, 9.9683297 53.5838869, 9.9681912 53.5838345)",2,DE:urban,no,track,,,,,,,2,5,0,0,shared_bike_lane,0,1.0,0.0,0.0,0.0,0.0,0.0,4.089437819420754
142762613,asphalt,primary,50,yes,,,True,False,33.213,"LINESTRING (9.9687497 53.5852428, 9.9687945 53.5851106, 9.9688066 53.5850757, 9.9688687 53.5849529)",2,,no,track,,,,,,,2,5,0,0,shared_bike_lane,0,1.0,0.0,0.0,0.0,0.0,0.0,4.089437819420754
"[633941661, 633941662]",paving_stones,service,30,yes,,,False,False,40.522,"LINESTRING (9.9687497 53.5852428, 9.9686497 53.5852204, 9.968624 53.585214, 9.968182 53.5851042)",1,,,,,,,,,,1,3,0,0,path_cycle,0,0.0,0.0,0.0,0.0,0.0,1.0,3.43333333333333
142762610,asphalt,primary,50,yes,both,track,False,True,34.272,"LINESTRING (9.9623556 53.5781123, 9.9624504 53.5782109, 9.9626195 53.5783777)",4,DE:urban,,,,,,,,,4,5,0,0,shared_bike_lane,0,1.0,0.0,0.0,0.0,0.0,0.0,5.285349233390091
169494300,paving_stones,path,20,yes,,,False,False,76.551,"LINESTRING (9.9623556 53.5781123, 9.9625845 53.5780474, 9.963396 53.5778084)",1,,,,,,,,,,1,2,0,0,path_cycle,0,0.0,0.0,0.0,0.0,0.0,1.0,3.0619534355479834
218907474,asphalt,service,30,yes,,,True,False,16.686,"LINESTRING (9.9689573 53.5850934, 9.9688993 53.5850062, 9.9688687 53.5849529)",1,,,,,,,,,,1,3,0,0,no_bike_infra,0,0.0,0.0,0.0,0.0,1.0,0.0,3.23333333333333
218907477,asphalt,service,30,yes,,,False,False,17.207,"LINESTRING (9.9689573 53.5850934, 9.9689202 53.5851704, 9.9688857 53.5852422)",2,,,,,,,,,,2,3,0,0,no_bike_infra,0,0.0,0.0,0.0,0.0,1.0,0.0,3.831289040317999
339819574,asphalt,service,30,yes,,,False,True,112.09,"LINESTRING (9.9689573 53.5850934, 9.9690209 53.5849851, 9.9694563 53.5842825, 9.9695378 53.5841461)",2,,,,,,,,,,2,3,0,0,no_bike_infra,0,0.0,0.0,0.0,0.0,1.0,0.0,3.831289040317999
218907476,asphalt,service,30,yes,,,True,False,13.654,"LINESTRING (9.9688857 53.5852422, 9.9689573 53.5853574)",1,,,,,,,,,,1,3,0,0,no_bike_infra,0,0.0,0.0,0.0,0.0,1.0,0.0,3.23333333333333
218907477,asphalt,service,30,yes,,,False,True,17.207,"LINESTRING (9.9688857 53.5852422, 9.9689202 53.5851704, 9.9689573 53.5850934)",2,,,,,,,,,,2,3,0,0,no_bike_infra,0,0.0,0.0,0.0,0.0,1.0,0.0,3.831289040317999
1085668472,asphalt,service,50,yes,,,False,True,70.666,"LINESTRING (9.9688857 53.5852422, 9.9687287 53.5856814, 9.9686741 53.5858651)",2,,,,,,,,,,2,5,0,0,no_bike_infra,0,0.0,0.0,0.0,0.0,1.0,0.0,4.574048835888693
218907472,asphalt,primary,50,yes,right,,True,False,41.873,"LINESTRING (9.9688687 53.5849529, 9.9689185 53.5848656, 9.9690889 53.5845998)",2,DE:urban,no,track,,,,,,,2,5,0,0,shared_bike_lane,0,1.0,0.0,0.0,0.0,0.0,0.0,4.089437819420754
"[218907473, 682409937]",asphalt,primary,50,yes,right,,True,False,37.815,"LINESTRING (9.9689573 53.5853574, 9.9688937 53.5855616, 9.9688531 53.5856918)",3,,no,track,,,,,,,3,5,0,0,shared_bike_lane,0,1.0,0.0,0.0,0.0,0.0,0.0,4.6873935264054225
391821199,asphalt,residential,30,yes,,no,True,False,8.646,"LINESTRING (9.975379 53.5788239, 9.9755034 53.5788482)",2,,,,,,,,,,2,3,0,0,no_bike_infra,0,0.0,0.0,0.0,0.0,1.0,0.0,3.831289040317999
236098423,asphalt,primary,50,yes,separate,,True,False,33.087,"LINESTRING (9.975379 53.5788239, 9.9754879 53.578724, 9.9756627 53.5785787)",2,,no,track,,,,,,,2,5,0,0,shared_bike_lane,0,1.0,0.0,0.0,0.0,0.0,0.0,4.089437819420754
136965467,asphalt,service,50,yes,no,no,False,False,11.475,"LINESTRING (9.9755034 53.5788482, 9.9754086 53.5789347)",2,,,,,,,,,,2,5,0,0,no_bike_infra,0,0.0,0.0,0.0,0.0,1.0,0.0,4.574048835888693
391821199,asphalt,residential,30,yes,,no,True,False,12.406,"LINESTRING (9.9755034 53.5788482, 9.9756787 53.5788884)",2,,,,,,,,,,2,3,0,0,no_bike_infra,0,0.0,0.0,0.0,0.0,1.0,0.0,3.831289040317999
391821249,asphalt,primary,50,yes,separate,,True,False,12.023,"LINESTRING (9.9756787 53.5788884, 9.97556 53.5789704)",2,,no,track,,,,,,,2,5,0,0,shared_bike_lane,0,1.0,0.0,0.0,0.0,0.0,0.0,4.089437819420754
719283014,asphalt,tertiary,50,yes,,track,False,True,20.798,"LINESTRING (9.9654343 53.5851097, 9.965707 53.5852034)",2,DE:urban,,,,,,,,,2,5,0,0,shared_bike_lane,0,1.0,0.0,0.0,0.0,0.0,0.0,4.089437819420754
633941980,paving_stones,service,30,yes,,,False,False,21.725,"LINESTRING (9.9654343 53.5851097, 9.9654483 53.5850644, 9.9655 53.5849749, 9.9655658 53.5849366)",1,,,,,,,,,,1,3,0,0,path_cycle,0,0.0,0.0,0.0,0.0,0.0,1.0,3.43333333333333
719283014,asphalt,tertiary,50,yes,,track,False,False,20.311999999999998,"LINESTRING (9.9654343 53.5851097, 9.9653948 53.5850969, 9.9653521 53.5850831, 9.9651641 53.5850223)",2,DE:urban,,,,,,,,,2,5,0,0,shared_bike_lane,0,1.0,0.0,0.0,0.0,0.0,0.0,4.089437819420754
719283014,asphalt,tertiary,50,yes,,track,False,False,18.541999999999998,"LINESTRING (9.9659513 53.5852857, 9.9657595 53.5852214, 9.965707 53.5852034)",2,DE:urban,,,,,,,,,2,5,0,0,shared_bike_lane,0,1.0,0.0,0.0,0.0,0.0,0.0,4.089437819420754
719283014,asphalt,tertiary,50,yes,,track,False,True,62.25,"LINESTRING (9.9659513 53.5852857, 9.9662536 53.5853937, 9.9667593 53.5855744)",2,DE:urban,,,,,,,,,2,5,0,0,shared_bike_lane,0,1.0,0.0,0.0,0.0,0.0,0.0,4.089437819420754
400296519,,service,30,yes,,,False,True,14.396,"LINESTRING (9.9596979 53.5808592, 9.9597119 53.58073)",1,,,,,,,,,,1,3,0,0,path_cycle,0,0.0,0.0,0.0,0.0,0.0,1.0,3.43333333333333
447080961,asphalt,residential,50,yes,both,no,False,True,11.676,"LINESTRING (9.9707204 53.5814324, 9.9705798 53.5813687)",2,DE:urban,,,,,,,,,2,5,0,0,no_bike_infra,0,0.0,0.0,0.0,0.0,1.0,0.0,4.574048835888693
"[400305396, 400305397, 400305398]",,service,30,yes,,,False,False,39.32,"LINESTRING (9.9707204 53.5814324, 9.970579 53.5815494, 9.970464 53.5816425, 9.9703732 53.5817197)",1,,,,,,,,,,1,3,0,0,path_cycle,0,0.0,0.0,0.0,0.0,0.0,1.0,3.43333333333333
"[598167912, 447080961]",asphalt,residential,50,yes,both,no,False,False,91.34,"LINESTRING (9.9707204 53.5814324, 9.9713268 53.581707, 9.9715919 53.5818237, 9.971696 53.5818695, 9.9718261 53.5819262)",3,DE:urban,,,,,,,,,3,5,0,0,no_bike_infra,0,0.0,0.0,0.0,0.0,1.0,0.0,5.1720045428733625
400305398,,service,30,yes,,,False,False,59.812,"LINESTRING (9.9703732 53.5817197, 9.9701583 53.5818183, 9.9697805 53.5821209)",1,,,,,,,,,,1,3,0,0,path_cycle,0,0.0,0.0,0.0,0.0,0.0,1.0,3.43333333333333
"[400305396, 400305397, 400305398]",,service,30,yes,,,False,True,39.32,"LINESTRING (9.9703732 53.5817197, 9.970464 53.5816425, 9.970579 53.5815494, 9.9707204 53.5814324)",1,,,,,,,,,,1,3,0,0,path_cycle,0,0.0,0.0,0.0,0.0,0.0,1.0,3.43333333333333
678011938,,service,30,yes,,,False,False,33.875,"LINESTRING (9.9703732 53.5817197, 9.9701709 53.5817557, 9.9700243 53.581763, 9.9699215 53.581776, 9.9698797 53.581792)",1,,,,,,,,,,1,3,0,0,path_cycle,0,0.0,0.0,0.0,0.0,0.0,1.0,3.43333333333333
400305398,,service,30,yes,,,False,True,59.812,"LINESTRING (9.9697805 53.5821209, 9.9701583 53.5818183, 9.9703732 53.5817197)",1,,,,,,,,,,1,3,0,0,path_cycle,0,0.0,0.0,0.0,0.0,0.0,1.0,3.43333333333333
400309259,paving_stones,service,30,yes,,,False,False,9.935,"LINESTRING (9.9681171 53.5836617, 9.9681957 53.5835855)",1,,,,,,,,,,1,3,0,0,path_cycle,0,0.0,0.0,0.0,0.0,0.0,1.0,3.43333333333333
"[44368761, 44368762, 142762607]",asphalt,primary,50,yes,right,,True,False,102.07900000000001,"LINESTRING (9.9681171 53.5836617, 9.9681623 53.5836796, 9.9683276 53.5837507, 9.9686354 53.5838351, 9.9689847 53.5839128, 9.9692538 53.583958, 9.9693194 53.583969, 9.9695378 53.5840079)",3,DE:urban,no,track,,,,,,,3,5,0,0,shared_bike_lane,0,1.0,0.0,0.0,0.0,0.0,0.0,4.6873935264054225
400309259,paving_stones,service,30,yes,,,False,True,9.935,"LINESTRING (9.9681957 53.5835855, 9.9681171 53.5836617)",1,,,,,,,,,,1,3,0,0,path_cycle,0,0.0,0.0,0.0,0.0,0.0,1.0,3.43333333333333
"[54499793, 1185539894]",asphalt,tertiary,50,yes,both,no,False,False,63.924,"LINESTRING (9.9605082 53.5804222, 9.9602803 53.5805292, 9.9599595 53.5806748, 9.959873 53.5807141, 9.9598077 53.5807276, 9.9597119 53.58073)",2,,,,,,,,,,2,5,0,0,no_bike_infra,0,0.0,0.0,0.0,0.0,1.0,0.0,4.574048835888693
"[54499793, 369377045]",asphalt,tertiary,50,yes,both,no,False,True,82.541,"LINESTRING (9.9605082 53.5804222, 9.9606154 53.5803719, 9.9614903 53.5799628)",2,,,,,,,,,,2,5,0,0,no_bike_infra,0,0.0,0.0,0.0,0.0,1.0,0.0,4.574048835888693
"[463884985, 463884987, 463884989]",,service,30,yes,,,False,True,60.43300000000001,"LINESTRING (9.9605082 53.5804222, 9.9603321 53.5802971, 9.9602213 53.5802184, 9.9600759 53.5801173, 9.9600462 53.5800966, 9.9600296 53.5800627, 9.9600378 53.5800248, 9.9600351 53.5799806)",1,,,,,,,,,,1,3,0,0,path_cycle,0,0.0,0.0,0.0,0.0,0.0,1.0,3.43333333333333
"[465381555, 465381556, 465381557]",,service,30,yes,,,False,True,45.113,"LINESTRING (9.9654947 53.5819094, 9.9656367 53.5818086, 9.9657543 53.5817348, 9.9659749 53.5816222)",1,,,,,,,,,,1,3,0,0,path_cycle,0,0.0,0.0,0.0,0.0,0.0,1.0,3.43333333333333
142762609,asphalt,primary,50,yes,both,track,False,False,43.758,"LINESTRING (9.9659749 53.5816222, 9.9659333 53.5815895, 9.9655543 53.5813181)",4,DE:urban,,,,,,,,,4,5,0,0,shared_bike_lane,0,1.0,0.0,0.0,0.0,0.0,0.0,5.285349233390091
142762609,asphalt,primary,50,yes,both,track,False,True,126.84100000000001,"LINESTRING (9.9659749 53.5816222, 9.9661614 53.581776, 9.9663518 53.5819715, 9.9665272 53.5821753, 9.9665419 53.5821936, 9.9668043 53.5825186, 9.9668845 53.5826242)",4,DE:urban,,,,,,,,,4,5,0,0,shared_bike_lane,0,1.0,0.0,0.0,0.0,0.0,0.0,5.285349233390091
"[465381555, 465381556, 465381557]",,service,30,yes,,,False,False,45.113,"LINESTRING (9.9659749 53.5816222, 9.9657543 53.5817348, 9.9656367 53.5818086, 9.9654947 53.5819094)",1,,,,,,,,,,1,3,0,0,path_cycle,0,0.0,0.0,0.0,0.0,0.0,1.0,3.43333333333333
719283014,asphalt,tertiary,50,yes,,track,False,False,16.638,"LINESTRING (9.962901 53.5842192, 9.9626881 53.5841391)",2,DE:urban,,,,,,,,,2,5,0,0,shared_bike_lane,0,1.0,0.0,0.0,0.0,0.0,0.0,4.089437819420754
"[795741832, 472431319]",paving_stones,service,30,yes,,,False,False,67.78699999999999,"LINESTRING (9.962901 53.5842192, 9.9629435 53.5841801, 9.9631208 53.5840095, 9.9632699 53.5839785, 9.9635016 53.5837475)",1,,,,,,,,,,1,3,0,0,path_cycle,0,0.0,0.0,0.0,0.0,0.0,1.0,3.43333333333333
503499096,,service,30,yes,,,False,False,59.947,"LINESTRING (9.9666856 53.5850378, 9.9667212 53.5844991)",1,,,,,,,,,,1,3,0,0,path_cycle,0,0.0,0.0,0.0,0.0,0.0,1.0,3.43333333333333
633941921,,service,30,yes,,,False,True,26.18,"LINESTRING (9.9666856 53.5850378, 9.9662949 53.5849973)",1,,,,,,,,,,1,3,0,0,path_cycle,0,0.0,0.0,0.0,0.0,0.0,1.0,3.43333333333333
503499096,,service,30,yes,,,False,True,89.226,"LINESTRING (9.9666856 53.5850378, 9.967268 53.585453, 9.9672289 53.585529, 9.9671434 53.58562, 9.9670757 53.5856874)",1,,,,,,,,,,1,3,0,0,path_cycle,0,0.0,0.0,0.0,0.0,0.0,1.0,3.43333333333333
719283014,asphalt,tertiary,50,yes,,track,False,False,24.373,"LINESTRING (9.9670757 53.5856874, 9.9667593 53.5855744)",2,DE:urban,,,,,,,,,2,5,0,0,shared_bike_lane,0,1.0,0.0,0.0,0.0,0.0,0.0,4.089437819420754
503499096,,service,30,yes,,,False,False,89.226,"LINESTRING (9.9670757 53.5856874, 9.9671434 53.58562, 9.9672289 53.585529, 9.967268 53.585453, 9.9666856 53.5850378)",1,,,,,,,,,,1,3,0,0,path_cycle,0,0.0,0.0,0.0,0.0,0.0,1.0,3.43333333333333
"[682409952, 682409953]",asphalt,tertiary,50,yes,,,True,False,48.62,"LINESTRING (9.9670757 53.5856874, 9.9672313 53.5857019, 9.9673616 53.5857476, 9.967454 53.585782, 9.9677311 53.5858754)",3,DE:urban,no,track,,,,,,,3,5,0,0,shared_bike_lane,0,1.0,0.0,0.0,0.0,0.0,0.0,4.6873935264054225
633941663,paving_stones,service,30,yes,,,False,True,12.847,"LINESTRING (9.968182 53.5851042, 9.9681042 53.5852101)",1,,,,,,,,,,1,3,0,0,path_cycle,0,0.0,0.0,0.0,0.0,0.0,1.0,3.43333333333333
"[633941661, 633941662]",paving_stones,service,30,yes,,,False,True,40.522,"LINESTRING (9.968182 53.5851042, 9.968624 53.585214, 9.9686497 53.5852204, 9.9687497 53.5852428)",1,,,,,,,,,,1,3,0,0,path_cycle,0,0.0,0.0,0.0,0.0,0.0,1.0,3.43333333333333
633941663,paving_stones,service,30,yes,,,False,False,31.065,"LINESTRING (9.968182 53.5851042, 9.9681592 53.5850637, 9.9683337 53.5848509)",1,,,,,,,,,,1,3,0,0,path_cycle,0,0.0,0.0,0.0,0.0,0.0,1.0,3.43333333333333
633941663,paving_stones,service,30,yes,,,False,False,12.847,"LINESTRING (9.9681042 53.5852101, 9.968182 53.5851042)",1,,,,,,,,,,1,3,0,0,path_cycle,0,0.0,0.0,0.0,0.0,0.0,1.0,3.43333333333333
633941711,paving_stones,service,30,yes,,,False,False,41.356,"LINESTRING (9.9681042 53.5852101, 9.9675333 53.5850569)",1,,,,,,,,,,1,3,0,0,path_cycle,0,0.0,0.0,0.0,0.0,0.0,1.0,3.43333333333333
633941711,paving_stones,service,30,yes,,,False,True,18.217,"LINESTRING (9.9681042 53.5852101, 9.9683565 53.5852765)",1,,,,,,,,,,1,3,0,0,path_cycle,0,0.0,0.0,0.0,0.0,0.0,1.0,3.43333333333333
633941663,paving_stones,service,30,yes,,,False,True,31.065,"LINESTRING (9.9683337 53.5848509, 9.9681592 53.5850637, 9.968182 53.5851042)",1,,,,,,,,,,1,3,0,0,path_cycle,0,0.0,0.0,0.0,0.0,0.0,1.0,3.43333333333333
633941711,paving_stones,service,30,yes,,,False,False,18.217,"LINESTRING (9.9683565 53.5852765, 9.9681042 53.5852101)",1,,,,,,,,,,1,3,0,0,path_cycle,0,0.0,0.0,0.0,0.0,0.0,1.0,3.43333333333333
633941711,paving_stones,service,30,yes,,,False,True,41.356,"LINESTRING (9.9675333 53.5850569, 9.9681042 53.5852101)",1,,,,,,,,,,1,3,0,0,path_cycle,0,0.0,0.0,0.0,0.0,0.0,1.0,3.43333333333333
503499096,,service,30,yes,,,False,True,59.947,"LINESTRING (9.9667212 53.5844991, 9.9666856 53.5850378)",1,,,,,,,,,,1,3,0,0,path_cycle,0,0.0,0.0,0.0,0.0,0.0,1.0,3.43333333333333
633941921,,service,30,yes,,,False,False,26.18,"LINESTRING (9.9662949 53.5849973, 9.9666856 53.5850378)",1,,,,,,,,,,1,3,0,0,path_cycle,0,0.0,0.0,0.0,0.0,0.0,1.0,3.43333333333333
678011938,,service,30,yes,,,False,True,33.875,"LINESTRING (9.9698797 53.581792, 9.9699215 53.581776, 9.9700243 53.581763, 9.9701709 53.5817557, 9.9703732 53.5817197)",1,,,,,,,,,,1,3,0,0,path_cycle,0,0.0,0.0,0.0,0.0,0.0,1.0,3.43333333333333
1085668473,asphalt,service,30,yes,,,True,False,9.71,"LINESTRING (9.9685628 53.5859222, 9.9686741 53.5858651)",1,,,,,,,,,,1,3,0,0,no_bike_infra,0,0.0,0.0,0.0,0.0,1.0,0.0,3.23333333333333
142762613,asphalt,primary,50,yes,,,True,False,34.493,"LINESTRING (9.9685628 53.5859222, 9.9685796 53.5858731, 9.9686142 53.58573, 9.968631 53.5856149)",2,,no,track,,,,,,,2,5,0,0,shared_bike_lane,0,1.0,0.0,0.0,0.0,0.0,0.0,4.089437819420754
682409945,asphalt,tertiary,50,yes,separate,,True,False,6.624,"LINESTRING (9.9685932 53.5861288, 9.968679 53.5861597)",2,,no,separate,,,,,,,2,5,0,0,separated_bike_la,1,0.0,0.0,0.0,0.0,0.0,0.0,1.895911413969338
239293568,asphalt,service,50,yes,,,False,False,29.805,"LINESTRING (9.9685932 53.5861288, 9.9686242 53.5860327, 9.9686377 53.5859874, 9.9686741 53.5858651)",2,,,,,,,,,,2,5,0,0,no_bike_infra,0,0.0,0.0,0.0,0.0,1.0,0.0,4.574048835888693
682409946,asphalt,tertiary,50,yes,separate,,True,False,7.061,"LINESTRING (9.9685018 53.5860958, 9.9685932 53.5861288)",2,DE:urban,no,separate,,,,,,,2,5,0,0,separated_bike_la,1,0.0,0.0,0.0,0.0,0.0,0.0,1.895911413969338
1085668474,asphalt,primary,50,yes,,,True,False,19.719,"LINESTRING (9.9685018 53.5860958, 9.9685339 53.5860052, 9.9685628 53.5859222)",2,,no,track,,,,,,,2,5,0,0,shared_bike_lane,0,1.0,0.0,0.0,0.0,0.0,0.0,4.089437819420754
32814780,asphalt,service,30,yes,,,True,False,60.212,"LINESTRING (9.9679755 53.5859418, 9.968028 53.5859043, 9.9684279 53.5856281, 9.9684492 53.5856163, 9.9684727 53.5856091, 9.9685127 53.5856035, 9.968631 53.5856149)",1,,,,,,,,,,1,3,0,0,no_bike_infra,0,0.0,0.0,0.0,0.0,1.0,0.0,3.23333333333333
143962020,asphalt,tertiary_link,50,yes,,,True,False,39.513999999999996,"LINESTRING (9.9679755 53.5859418, 9.9681884 53.585957, 9.9682561 53.585959, 9.9683348 53.5859572, 9.9683784 53.5859547, 9.9684794 53.5859427, 9.9685331 53.5859327, 9.9685628 53.5859222)",1,,no,track,,,,,,,1,5,0,0,shared_bike_lane,0,1.0,0.0,0.0,0.0,0.0,0.0,3.491482112436084
"[682409956, 682409949]",asphalt,tertiary,50,yes,,,True,False,38.79,"LINESTRING (9.9679755 53.5859418, 9.968287 53.5860258, 9.9683576 53.5860439, 9.9685018 53.5860958)",2,DE:urban,no,separate,,,,,,,2,5,0,0,separated_bike_la,1,0.0,0.0,0.0,0.0,0.0,0.0,1.895911413969338
682409951,asphalt,tertiary,50,yes,,,True,False,17.742,"LINESTRING (9.9677311 53.5858754, 9.9679755 53.5859418)",2,DE:urban,no,track,,,,,,,2,5,0,0,shared_bike_lane,0,1.0,0.0,0.0,0.0,0.0,0.0,4.089437819420754
5368838,sett,residential,30,yes,both,no,False,False,17.204,"LINESTRING (9.9687826 53.5813907, 9.9686092 53.5815062)",2,,,,,,,,,,2,3,0,0,dirt_cycle_track,0,0.0,0.0,0.0,1.0,0.0,0.0,4.1312890403179985
"[1023939357, 5368838]",sett,residential,30,yes,both,no,False,True,73.838,"LINESTRING (9.9687826 53.5813907, 9.9689339 53.5812899, 9.9690736 53.5812026, 9.9693994 53.580999, 9.9695484 53.5809068)",2,,,,,,,,,,2,3,0,0,dirt_cycle_track,0,0.0,0.0,0.0,1.0,0.0,0.0,4.1312890403179985
696901095,paving_stones,service,30,,,,False,False,32.752,"LINESTRING (9.9687826 53.5813907, 9.9685285 53.581247, 9.9686267 53.5811835)",1,,,,,,,,,,1,3,0,0,path_cycle,0,0.0,0.0,0.0,0.0,0.0,1.0,3.43333333333333
696901095,paving_stones,service,30,,,,False,True,32.752,"LINESTRING (9.9686267 53.5811835, 9.9685285 53.581247, 9.9687826 53.5813907)",1,,,,,,,,,,1,3,0,0,path_cycle,0,0.0,0.0,0.0,0.0,0.0,1.0,3.43333333333333
44368760,asphalt,primary,50,yes,both,track,False,False,21.943,"LINESTRING (9.9674387 53.5832933, 9.9672819 53.5831193)",4,DE:urban,,,,,,,,,4,5,0,0,shared_bike_lane,0,1.0,0.0,0.0,0.0,0.0,0.0,5.285349233390091
44368760,asphalt,primary,50,yes,both,track,False,True,9.225999999999999,"LINESTRING (9.9674387 53.5832933, 9.9674539 53.5833101, 9.9675133 53.5833634)",4,DE:urban,,,,,,,,,4,5,0,0,shared_bike_lane,0,1.0,0.0,0.0,0.0,0.0,0.0,5.285349233390091
751772885,paving_stones,service,30,yes,,,False,False,120.157,"LINESTRING (9.9674387 53.5832933, 9.9671489 53.5834281, 9.9662284 53.5840948)",1,,,,,,,,,,1,3,0,0,path_cycle,0,0.0,0.0,0.0,0.0,0.0,1.0,3.43333333333333
751772885,paving_stones,service,30,yes,,,False,True,120.157,"LINESTRING (9.9662284 53.5840948, 9.9671489 53.5834281, 9.9674387 53.5832933)",1,,,,,,,,,,1,3,0,0,path_cycle,0,0.0,0.0,0.0,0.0,0.0,1.0,3.43333333333333
234865664,asphalt,residential,30,yes,both,opposite,True,False,65.477,"LINESTRING (9.9640462 53.5831025, 9.9639249 53.5830429, 9.9638124 53.5829698, 9.9637728 53.5829431, 9.9633652 53.5826755)",2,,,,,6.8,no,,,,2,3,0,0,cycle_track,0,0.0,0.0,1.0,0.0,0.0,0.0,3.618398637137989
752893802,,service,30,yes,,,False,False,89.299,"LINESTRING (9.9640462 53.5831025, 9.9635051 53.5836197, 9.963708 53.5836894, 9.9638007 53.5836871)",1,,,,,,,,,,1,3,0,0,path_cycle,0,0.0,0.0,0.0,0.0,0.0,1.0,3.43333333333333
752893802,,service,30,yes,,,False,True,89.299,"LINESTRING (9.9638007 53.5836871, 9.963708 53.5836894, 9.9635051 53.5836197, 9.9640462 53.5831025)",1,,,,,,,,,,1,3,0,0,path_cycle,0,0.0,0.0,0.0,0.0,0.0,1.0,3.43333333333333
719283014,asphalt,tertiary,50,yes,,track,False,True,16.638,"LINESTRING (9.9626881 53.5841391, 9.962901 53.5842192)",2,DE:urban,,,,,,,,,2,5,0,0,shared_bike_lane,0,1.0,0.0,0.0,0.0,0.0,0.0,4.089437819420754
795741831,paving_stones,service,30,yes,,,False,False,30.624000000000002,"LINESTRING (9.9626881 53.5841391, 9.9627248 53.5840992, 9.962756 53.5840684, 9.9629168 53.5838995)",1,,,,,,,,,,1,3,0,0,path_cycle,0,0.0,0.0,0.0,0.0,0.0,1.0,3.43333333333333
795741831,paving_stones,service,30,yes,,,False,True,30.624,"LINESTRING (9.9629168 53.5838995, 9.962756 53.5840684, 9.9627248 53.5840992, 9.9626881 53.5841391)",1,,,,,,,,,,1,3,0,0,path_cycle,0,0.0,0.0,0.0,0.0,0.0,1.0,3.43333333333333
"[795741832, 472431319]",paving_stones,service,30,yes,,,False,True,67.787,"LINESTRING (9.9635016 53.5837475, 9.9632699 53.5839785, 9.9631208 53.5840095, 9.9629435 53.5841801, 9.962901 53.5842192)",1,,,,,,,,,,1,3,0,0,path_cycle,0,0.0,0.0,0.0,0.0,0.0,1.0,3.43333333333333
"[463884985, 463884987, 463884989]",,service,30,yes,,,False,False,60.43300000000001,"LINESTRING (9.9600351 53.5799806, 9.9600378 53.5800248, 9.9600296 53.5800627, 9.9600462 53.5800966, 9.9600759 53.5801173, 9.9602213 53.5802184, 9.9603321 53.5802971, 9.9605082 53.5804222)",1,,,,,,,,,,1,3,0,0,path_cycle,0,0.0,0.0,0.0,0.0,0.0,1.0,3.43333333333333
463884985,,service,30,yes,,,False,True,13.891,"LINESTRING (9.9600351 53.5799806, 9.9600201 53.5799468, 9.9599903 53.5799162, 9.959928 53.579876)",1,,,,,,,,,,1,3,0,0,path_cycle,0,0.0,0.0,0.0,0.0,0.0,1.0,3.43333333333333
834200639,,service,30,yes,,,False,False,93.063,"LINESTRING (9.9600351 53.5799806, 9.9603766 53.5798252, 9.9604279 53.5798069, 9.9604937 53.5798008, 9.9605512 53.5798118, 9.9606251 53.5798337, 9.9606847 53.5798423, 9.9607402 53.5798411, 9.9607976 53.5798313, 9.9608716 53.5798045, 9.9612311 53.5796471)",1,,,,,,,,,,1,3,0,0,path_cycle,0,0.0,0.0,0.0,0.0,0.0,1.0,3.43333333333333
463884985,,service,30,yes,,,False,False,13.891,"LINESTRING (9.959928 53.579876, 9.9599903 53.5799162, 9.9600201 53.5799468, 9.9600351 53.5799806)",1,,,,,,,,,,1,3,0,0,path_cycle,0,0.0,0.0,0.0,0.0,0.0,1.0,3.43333333333333
834200639,,service,30,yes,,,False,True,93.06299999999999,"LINESTRING (9.9612311 53.5796471, 9.9608716 53.5798045, 9.9607976 53.5798313, 9.9607402 53.5798411, 9.9606847 53.5798423, 9.9606251 53.5798337, 9.9605512 53.5798118, 9.9604937 53.5798008, 9.9604279 53.5798069, 9.9603766 53.5798252, 9.9600351 53.5799806)",1,,,,,,,,,,1,3,0,0,path_cycle,0,0.0,0.0,0.0,0.0,0.0,1.0,3.43333333333333
142762612,asphalt,primary,50,yes,right,,True,False,34.514,"LINESTRING (9.9692469 53.5848354, 9.9691204 53.5850376, 9.9691101 53.5850619, 9.9690747 53.5851283)",2,DE:urban,no,track,,,,,,,2,5,0,0,shared_bike_lane,0,1.0,0.0,0.0,0.0,0.0,0.0,4.089437819420754
142762612,asphalt,primary,50,yes,right,,True,False,26.629,"LINESTRING (9.9690747 53.5851283, 9.9690094 53.5852511, 9.9689573 53.5853574)",2,DE:urban,no,track,,,,,,,2,5,0,0,shared_bike_lane,0,1.0,0.0,0.0,0.0,0.0,0.0,4.089437819420754
886817075,paving_stones,service,30,yes,,,False,False,48.268,"LINESTRING (9.9691451 53.5818008, 9.9688726 53.5816404, 9.9687296 53.5815615, 9.9686092 53.5815062)",1,,,,,,,,,,1,3,0,0,path_cycle,0,0.0,0.0,0.0,0.0,0.0,1.0,3.43333333333333
5368838,sett,residential,30,yes,both,no,False,True,17.204,"LINESTRING (9.9686092 53.5815062, 9.9687826 53.5813907)",2,,,,,,,,,,2,3,0,0,dirt_cycle_track,0,0.0,0.0,0.0,1.0,0.0,0.0,4.1312890403179985
5368838,sett,residential,30,yes,both,no,False,False,168.614,"LINESTRING (9.9686092 53.5815062, 9.9682481 53.5817468, 9.9672578 53.5824021, 9.9670054 53.5825523, 9.9668845 53.5826242)",2,,,,,,,,,,2,3,0,0,dirt_cycle_track,0,0.0,0.0,0.0,1.0,0.0,0.0,4.1312890403179985
886817075,paving_stones,service,30,yes,,,False,True,48.268,"LINESTRING (9.9686092 53.5815062, 9.9687296 53.5815615, 9.9688726 53.5816404, 9.9691451 53.5818008)",1,,,,,,,,,,1,3,0,0,path_cycle,0,0.0,0.0,0.0,0.0,0.0,1.0,3.43333333333333
"[928994187, 928994188, 928994189]",,service,30,yes,,,False,True,63.238,"LINESTRING (9.9679649 53.5827298, 9.9676069 53.582969, 9.9674855 53.5830537, 9.9672819 53.5831193)",1,,,,,,,,,,1,3,0,0,path_cycle,0,0.0,0.0,0.0,0.0,0.0,1.0,3.43333333333333
44368760,asphalt,primary,50,yes,both,track,False,True,21.943,"LINESTRING (9.9672819 53.5831193, 9.9674387 53.5832933)",4,DE:urban,,,,,,,,,4,5,0,0,shared_bike_lane,0,1.0,0.0,0.0,0.0,0.0,0.0,5.285349233390091
44368760,asphalt,primary,50,yes,both,track,False,False,19.573,"LINESTRING (9.9672819 53.5831193, 9.9672496 53.5830834, 9.967142 53.5829641)",4,DE:urban,,,,,,,,,4,5,0,0,shared_bike_lane,0,1.0,0.0,0.0,0.0,0.0,0.0,5.285349233390091
"[928994187, 928994188, 928994189]",,service,30,yes,,,False,False,63.238,"LINESTRING (9.9672819 53.5831193, 9.9674855 53.5830537, 9.9676069 53.582969, 9.9679649 53.5827298)",1,,,,,,,,,,1,3,0,0,path_cycle,0,0.0,0.0,0.0,0.0,0.0,1.0,3.43333333333333
"[945220857, 945220853, 945220854]",paving_stones,service,30,yes,,,False,True,51.541000000000004,"LINESTRING (9.965647 53.5840276, 9.9655339 53.5841368, 9.9653949 53.5841546, 9.9653292 53.5841286, 9.9651787 53.5840703, 9.9650419 53.5840166)",1,,,,,,,permissive,,,1,3,0,0,path_cycle,0,0.0,0.0,0.0,0.0,0.0,1.0,3.43333333333333
952072729,asphalt,tertiary,50,yes,separate,no,False,False,12.867,"LINESTRING (9.9634253 53.5792693, 9.9636201 53.5792656)",2,,,,,,,,,,2,5,0,0,no_bike_infra,0,0.0,0.0,0.0,0.0,1.0,0.0,4.574048835888693
"[54499808, 952072732]",asphalt,tertiary,50,yes,both,no,False,False,150.86100000000002,"LINESTRING (9.9634253 53.5792693, 9.9633191 53.5792712, 9.9632102 53.5792871, 9.9631439 53.5793041, 9.9630441 53.5793305, 9.9629842 53.5793485, 9.9629026 53.5793744, 9.9628259 53.5794013, 9.9614903 53.5799628)",2,,,,,,,,,,2,5,0,0,no_bike_infra,0,0.0,0.0,0.0,0.0,1.0,0.0,4.574048835888693
952072730,asphalt,primary,50,yes,right,,True,False,75.99,"LINESTRING (9.9634253 53.5792693, 9.9632828 53.5791133, 9.9631333 53.5789477, 9.9629741 53.5787898, 9.9629051 53.5786622)",2,DE:urban,no,track,,,,,,,2,5,0,0,shared_bike_lane,0,1.0,0.0,0.0,0.0,0.0,0.0,4.089437819420754
952072729,asphalt,tertiary,50,yes,separate,no,False,True,12.867,"LINESTRING (9.9636201 53.5792656, 9.9634253 53.5792693)",2,,,,,,,,,,2,5,0,0,no_bike_infra,0,0.0,0.0,0.0,0.0,1.0,0.0,4.574048835888693
952072731,asphalt,primary,50,yes,right,,True,False,83.26599999999999,"LINESTRING (9.9636201 53.5792656, 9.9637496 53.5794291, 9.9639344 53.5796777, 9.9640599 53.5799646)",2,DE:urban,no,track,,,,,,,2,5,0,0,shared_bike_lane,0,1.0,0.0,0.0,0.0,0.0,0.0,4.089437819420754
"[952072733, 952072726]",asphalt,tertiary,50,yes,both,no,False,True,106.256,"LINESTRING (9.9636201 53.5792656, 9.9637069 53.5792623, 9.9638021 53.5792498, 9.9638828 53.579231, 9.963972 53.5792102, 9.9645955 53.5790594, 9.9649107 53.5789842, 9.9649613 53.5789728, 9.9651254 53.578936)",2,DE:urban,,,,,,,,,2,5,0,0,no_bike_infra,0,0.0,0.0,0.0,0.0,1.0,0.0,4.574048835888693
23253267,asphalt,residential,30,yes,,,False,True,5.882,"LINESTRING (9.963874 53.5798339, 9.9639496 53.5798059)",2,,,,no,,,,,,2,3,0,0,no_bike_infra,0,0.0,0.0,0.0,0.0,1.0,0.0,3.831289040317999
23253267,asphalt,residential,30,yes,,,False,False,62.584999999999994,"LINESTRING (9.963874 53.5798339, 9.963773 53.5798712, 9.9633872 53.5800137, 9.9631766 53.5798297)",2,,,,no,,,,,,2,3,0,0,no_bike_infra,0,0.0,0.0,0.0,0.0,1.0,0.0,3.831289040317999
952072734,asphalt,primary,50,yes,right,,True,False,69.41900000000001,"LINESTRING (9.963874 53.5798339, 9.9635958 53.5794836, 9.9635622 53.5794438, 9.9634253 53.5792693)",2,DE:urban,no,track,,,,,,,2,5,0,0,shared_bike_lane,0,1.0,0.0,0.0,0.0,0.0,0.0,4.089437819420754
952072728,asphalt,primary,50,yes,both,track,False,True,22.172,"LINESTRING (9.9640599 53.5799646, 9.9641881 53.5801489)",4,DE:urban,,,,,,,,,4,5,0,0,shared_bike_lane,0,1.0,0.0,0.0,0.0,0.0,0.0,5.285349233390091
952072734,asphalt,primary,50,yes,right,,True,False,19.022,"LINESTRING (9.9640599 53.5799646, 9.963874 53.5798339)",2,DE:urban,no,track,,,,,,,2,5,0,0,shared_bike_lane,0,1.0,0.0,0.0,0.0,0.0,0.0,4.089437819420754
"[972669920, 972669918, 972669919]",paving_stones,service,30,yes,,,False,True,60.378,"LINESTRING (9.9682583 53.5843687, 9.9686655 53.5844602, 9.9689164 53.5845175, 9.9690338 53.5845444, 9.9691128 53.5845624)",1,,,,,,,,,,1,3,0,0,path_cycle,0,0.0,0.0,0.0,0.0,0.0,1.0,3.43333333333333
218907472,asphalt,primary,50,yes,right,,True,False,25.13,"LINESTRING (9.9691128 53.5845624, 9.9691583 53.5844914, 9.9692408 53.5843834, 9.9692646 53.5843553)",2,DE:urban,no,track,,,,,,,2,5,0,0,shared_bike_lane,0,1.0,0.0,0.0,0.0,0.0,0.0,4.089437819420754
"[972669920, 972669918, 972669919]",paving_stones,service,30,yes,,,False,False,60.378,"LINESTRING (9.9691128 53.5845624, 9.9690338 53.5845444, 9.9689164 53.5845175, 9.9686655 53.5844602, 9.9682583 53.5843687)",1,,,,,,,,,,1,3,0,0,path_cycle,0,0.0,0.0,0.0,0.0,0.0,1.0,3.43333333333333
218907472,asphalt,primary,50,yes,right,,True,False,4.448,"LINESTRING (9.9690889 53.5845998, 9.9691128 53.5845624)",2,DE:urban,no,track,,,,,,,2,5,0,0,shared_bike_lane,0,1.0,0.0,0.0,0.0,0.0,0.0,4.089437819420754
"[972669922, 972669923, 972669925]",paving_stones,service,30,yes,,,False,True,43.479,"LINESTRING (9.9690889 53.5845998, 9.9690129 53.5845812, 9.9689345 53.584562, 9.9687454 53.5845153, 9.9686023 53.5844935, 9.9684714 53.5844655)",1,,,,,,,,,,1,3,0,0,path_cycle,0,0.0,0.0,0.0,0.0,0.0,1.0,3.43333333333333
"[972669922, 972669923, 972669925]",paving_stones,service,30,yes,,,False,False,43.479,"LINESTRING (9.9684714 53.5844655, 9.9686023 53.5844935, 9.9687454 53.5845153, 9.9689345 53.584562, 9.9690129 53.5845812, 9.9690889 53.5845998)",1,,,,,,,,,,1,3,0,0,path_cycle,0,0.0,0.0,0.0,0.0,0.0,1.0,3.43333333333333
26812424,asphalt,primary,50,yes,right,,True,False,62.794,"LINESTRING (9.9707603 53.5828501, 9.9712792 53.5823768)",2,DE:urban,no,track,,,,,,,2,5,0,0,shared_bike_lane,0,1.0,0.0,0.0,0.0,0.0,0.0,4.089437819420754
"[972670400, 972670401, 972670399]",,service,30,yes,,,False,True,57.572,"LINESTRING (9.9707603 53.5828501, 9.9706889 53.5828214, 9.9706391 53.5828014, 9.9704747 53.5827404, 9.9701702 53.5826275, 9.970148 53.5826197, 9.97013 53.5826146, 9.9701014 53.5826112, 9.9700786 53.5826124, 9.9700579 53.582619, 9.9700293 53.5826445)",1,,,,,,,,,,1,3,0,0,path_cycle,0,0.0,0.0,0.0,0.0,0.0,1.0,3.43333333333333
"[972670400, 972670401, 972670399]",,service,30,yes,,,False,False,57.572,"LINESTRING (9.9700293 53.5826445, 9.9700579 53.582619, 9.9700786 53.5826124, 9.9701014 53.5826112, 9.97013 53.5826146, 9.970148 53.5826197, 9.9701702 53.5826275, 9.9704747 53.5827404, 9.9706391 53.5828014, 9.9706889 53.5828214, 9.9707603 53.5828501)",1,,,,,,,,,,1,3,0,0,path_cycle,0,0.0,0.0,0.0,0.0,0.0,1.0,3.43333333333333
"[972670521, 972670522, 972670523]",,service,30,yes,,,False,False,40.157,"LINESTRING (9.9700579 53.5828288, 9.970273 53.5829093, 9.9704472 53.5829756, 9.9704962 53.5829942, 9.9705711 53.5830227)",1,,,,,,,,,,1,3,0,0,path_cycle,0,0.0,0.0,0.0,0.0,0.0,1.0,3.43333333333333
26812424,asphalt,primary,50,yes,right,,True,False,22.898,"LINESTRING (9.9705711 53.5830227, 9.9707603 53.5828501)",2,DE:urban,no,track,,,,,,,2,5,0,0,shared_bike_lane,0,1.0,0.0,0.0,0.0,0.0,0.0,4.089437819420754
"[972670521, 972670522, 972670523]",,service,30,yes,,,False,True,40.157,"LINESTRING (9.9705711 53.5830227, 9.9704962 53.5829942, 9.9704472 53.5829756, 9.970273 53.5829093, 9.9700579 53.5828288)",1,,,,,,,,,,1,3,0,0,path_cycle,0,0.0,0.0,0.0,0.0,0.0,1.0,3.43333333333333
605849957,asphalt,residential,30,yes,right,no,False,False,6.452,"LINESTRING (9.9634931 53.5775301, 9.9634698 53.5775258, 9.9634475 53.5775199, 9.9634265 53.5775125, 9.963407 53.5775037)",2,,,,,,,,,,2,3,0,0,no_bike_infra,0,0.0,0.0,0.0,0.0,1.0,0.0,3.831289040317999
973052605,paving_stones,service,30,,,,False,False,13.13,"LINESTRING (9.9633195 53.5776994, 9.963396 53.5778084)",1,,,,,,,,,,1,3,0,0,path_cycle,0,0.0,0.0,0.0,0.0,0.0,1.0,3.43333333333333
973052605,paving_stones,service,30,,,,False,True,13.13,"LINESTRING (9.963396 53.5778084, 9.9633195 53.5776994)",1,,,,,,,,,,1,3,0,0,path_cycle,0,0.0,0.0,0.0,0.0,0.0,1.0,3.43333333333333
169494300,paving_stones,path,20,yes,,,False,True,76.551,"LINESTRING (9.963396 53.5778084, 9.9625845 53.5780474, 9.9623556 53.5781123)",1,,,,,,,,,,1,2,0,0,path_cycle,0,0.0,0.0,0.0,0.0,0.0,1.0,3.0619534355479834
973052605,paving_stones,service,30,,,,False,False,19.081000000000003,"LINESTRING (9.963396 53.5778084, 9.9635175 53.5777742, 9.9636566 53.5777342)",1,,,,,,,,,,1,3,0,0,path_cycle,0,0.0,0.0,0.0,0.0,0.0,1.0,3.43333333333333
605849957,asphalt,residential,30,yes,right,no,False,True,6.452,"LINESTRING (9.963407 53.5775037, 9.9634265 53.5775125, 9.9634475 53.5775199, 9.9634698 53.5775258, 9.9634931 53.5775301)",2,,,,,,,,,,2,3,0,0,no_bike_infra,0,0.0,0.0,0.0,0.0,1.0,0.0,3.831289040317999
973052602,asphalt,residential,30,yes,right,no,True,False,18.92,"LINESTRING (9.963407 53.5775037, 9.9633778 53.5774993, 9.9633529 53.5774988, 9.9633181 53.5775016, 9.9632919 53.5775053, 9.9632532 53.5775135, 9.9631366 53.5775454)",2,,,,,,,,,,2,3,0,0,no_bike_infra,0,0.0,0.0,0.0,0.0,1.0,0.0,3.831289040317999
142762604,asphalt,primary,50,yes,right,,True,False,10.278,"LINESTRING (9.9675712 53.5834492, 9.9675133 53.5833634)",2,DE:urban,no,track,,,,,,,2,5,0,0,shared_bike_lane,0,1.0,0.0,0.0,0.0,0.0,0.0,4.089437819420754
"[987359195, 987359196, 987359197]",,service,30,yes,,,False,False,40.717,"LINESTRING (9.9675712 53.5834492, 9.9674282 53.5835505, 9.9673037 53.5836386, 9.9671749 53.5837298)",1,,,,,,,,,,1,3,0,0,path_cycle,0,0.0,0.0,0.0,0.0,0.0,1.0,3.43333333333333
"[987359195, 987359196, 987359197]",,service,30,yes,,,False,True,40.717,"LINESTRING (9.9671749 53.5837298, 9.9673037 53.5836386, 9.9674282 53.5835505, 9.9675712 53.5834492)",1,,,,,,,,,,1,3,0,0,path_cycle,0,0.0,0.0,0.0,0.0,0.0,1.0,3.43333333333333
142762611,asphalt,residential,30,yes,both,opposite,True,False,12.946,"LINESTRING (9.964976 53.5825473, 9.9651406 53.5826106)",2,,,,,,no,,,,2,3,0,0,cycle_track,0,0.0,0.0,1.0,0.0,0.0,0.0,3.618398637137989
"[1022682176, 1022682172]",,service,30,yes,,,False,False,23.15,"LINESTRING (9.964976 53.5825473, 9.9650637 53.5824832, 9.9650798 53.5824707, 9.9651924 53.5823835)",1,,,,,,,,,,1,3,0,0,path_cycle,0,0.0,0.0,0.0,0.0,0.0,1.0,3.43333333333333
142762611,asphalt,residential,30,yes,both,opposite,True,False,85.465,"LINESTRING (9.9651406 53.5826106, 9.9654191 53.5827176, 9.9658846 53.5828468, 9.9661499 53.5829173, 9.9663023 53.582943)",2,,,,,,no,,,,2,3,0,0,cycle_track,0,0.0,0.0,1.0,0.0,0.0,0.0,3.618398637137989
"[1022682168, 1022682169, 1022682170]",,service,30,yes,,,False,False,34.652,"LINESTRING (9.9651406 53.5826106, 9.9652352 53.5825412, 9.96536 53.5824502, 9.9654083 53.582415, 9.9654854 53.5824532)",1,,,,,,,,,,1,3,0,0,path_cycle,0,0.0,0.0,0.0,0.0,0.0,1.0,3.43333333333333
"[1022682166, 1022682167]",,service,30,yes,,,False,True,23.715,"LINESTRING (9.9651488 53.5823612, 9.9650348 53.5824502, 9.9649233 53.5825271)",1,,,,,,,,,,1,3,0,0,path_cycle,0,0.0,0.0,0.0,0.0,0.0,1.0,3.43333333333333
"[1022682168, 1022682169, 1022682170]",,service,30,yes,,,False,True,34.652,"LINESTRING (9.9654854 53.5824532, 9.9654083 53.582415, 9.96536 53.5824502, 9.9652352 53.5825412, 9.9651406 53.5826106)",1,,,,,,,,,,1,3,0,0,path_cycle,0,0.0,0.0,0.0,0.0,0.0,1.0,3.43333333333333
"[1022682176, 1022682172]",,service,30,yes,,,False,True,23.15,"LINESTRING (9.9651924 53.5823835, 9.9650798 53.5824707, 9.9650637 53.5824832, 9.964976 53.5825473)",1,,,,,,,,,,1,3,0,0,path_cycle,0,0.0,0.0,0.0,0.0,0.0,1.0,3.43333333333333
"[1040637120, 605881859]",asphalt,residential,30,yes,"['both', 'separate']",no,False,True,69.009,"LINESTRING (9.9694612 53.5765112, 9.9693698 53.5764573, 9.968696 53.5760885)",2,,,,,,,,,,2,3,0,0,no_bike_infra,0,0.0,0.0,0.0,0.0,1.0,0.0,3.831289040317999
1040637125,asphalt,tertiary,50,yes,,,False,False,15.982999999999997,"LINESTRING (9.9694612 53.5765112, 9.9694965 53.5764916, 9.9695409 53.5764801, 9.9695892 53.5764781, 9.9696359 53.5764859, 9.9696755 53.5765024)",2,,,,no,,,,,,2,5,0,0,no_bike_infra,0,0.0,0.0,0.0,0.0,1.0,0.0,4.574048835888693
1040637125,asphalt,tertiary,50,yes,,,False,True,13.056000000000001,"LINESTRING (9.9694612 53.5765112, 9.9694385 53.5765373, 9.9694323 53.5765664, 9.9694431 53.576595, 9.9694697 53.5766198)",2,,,,no,,,,,,2,5,0,0,no_bike_infra,0,0.0,0.0,0.0,0.0,1.0,0.0,4.574048835888693
"[5112497, 1040637119]",asphalt,tertiary,50,yes,"['both', 'separate']",no,False,False,386.728,"LINESTRING (9.9694697 53.5766198, 9.9693729 53.5766794, 9.9690811 53.5768446, 9.9659241 53.5785868, 9.9657506 53.5786825, 9.9657115 53.5787024, 9.9655076 53.5788186, 9.9654479 53.5788492, 9.9653943 53.5788706, 9.9651254 53.578936)",2,DE:urban,,,,,,,perpendicular,,2,5,1,1,no_bike_infra,0,0.0,0.0,0.0,0.0,1.0,0.0,5.154968767745593
1040637125,asphalt,tertiary,50,yes,,,False,False,13.056000000000001,"LINESTRING (9.9694697 53.5766198, 9.9694431 53.576595, 9.9694323 53.5765664, 9.9694385 53.5765373, 9.9694612 53.5765112)",2,,,,no,,,,,,2,5,0,0,no_bike_infra,0,0.0,0.0,0.0,0.0,1.0,0.0,4.574048835888693
1040637125,asphalt,tertiary,50,yes,,,False,True,16.349999999999998,"LINESTRING (9.9694697 53.5766198, 9.969509 53.5766376, 9.9695563 53.5766465, 9.9696057 53.5766452, 9.9696515 53.5766339, 9.969688 53.576614)",2,,,,no,,,,,,2,5,0,0,no_bike_infra,0,0.0,0.0,0.0,0.0,1.0,0.0,4.574048835888693
"[137247324, 1040637118]",asphalt,residential,30,yes,"['both', 'separate']",no,False,False,64.178,"LINESTRING (9.969688 53.576614, 9.9697877 53.5766608, 9.9704297 53.576987)",2,,,,,,,,,,2,3,0,0,no_bike_infra,0,0.0,0.0,0.0,0.0,1.0,0.0,3.831289040317999
1040637125,asphalt,tertiary,50,yes,,,False,False,16.35,"LINESTRING (9.969688 53.576614, 9.9696515 53.5766339, 9.9696057 53.5766452, 9.9695563 53.5766465, 9.969509 53.5766376, 9.9694697 53.5766198)",2,,,,no,,,,,,2,5,0,0,no_bike_infra,0,0.0,0.0,0.0,0.0,1.0,0.0,4.574048835888693
1040637125,asphalt,tertiary,50,yes,,,False,True,13.512,"LINESTRING (9.969688 53.576614, 9.9697114 53.576587, 9.9697172 53.5765568, 9.9697047 53.5765273, 9.9696755 53.5765024)",2,,,,no,,,,,,2,5,0,0,no_bike_infra,0,0.0,0.0,0.0,0.0,1.0,0.0,4.574048835888693
1040637125,asphalt,tertiary,50,yes,,,False,False,13.511999999999999,"LINESTRING (9.9696755 53.5765024, 9.9697047 53.5765273, 9.9697172 53.5765568, 9.9697114 53.576587, 9.969688 53.576614)",2,,,,no,,,,,,2,5,0,0,no_bike_infra,0,0.0,0.0,0.0,0.0,1.0,0.0,4.574048835888693
1040637125,asphalt,tertiary,50,yes,,,False,True,15.983,"LINESTRING (9.9696755 53.5765024, 9.9696359 53.5764859, 9.9695892 53.5764781, 9.9695409 53.5764801, 9.9694965 53.5764916, 9.9694612 53.5765112)",2,,,,no,,,,,,2,5,0,0,no_bike_infra,0,0.0,0.0,0.0,0.0,1.0,0.0,4.574048835888693
234865664,asphalt,residential,30,yes,both,opposite,True,False,41.102,"LINESTRING (9.9645243 53.5833393, 9.9640462 53.5831025)",2,,,,,6.8,no,,,,2,3,0,0,cycle_track,0,0.0,0.0,1.0,0.0,0.0,0.0,3.618398637137989
"[1046631723, 1046631724, 1046631725]",,service,30,yes,,,False,False,60.852000000000004,"LINESTRING (9.9645243 53.5833393, 9.9644159 53.5834378, 9.964333 53.5835122, 9.9640182 53.5837967)",1,,,,,,,,,,1,3,0,0,path_cycle,0,0.0,0.0,0.0,0.0,0.0,1.0,3.43333333333333
"[1046631723, 1046631724, 1046631725]",,service,30,yes,,,False,True,60.852000000000004,"LINESTRING (9.9640182 53.5837967, 9.964333 53.5835122, 9.9644159 53.5834378, 9.9645243 53.5833393)",1,,,,,,,,,,1,3,0,0,path_cycle,0,0.0,0.0,0.0,0.0,0.0,1.0,3.43333333333333
239293568,asphalt,service,50,yes,,,False,True,29.805,"LINESTRING (9.9686741 53.5858651, 9.9686377 53.5859874, 9.9686242 53.5860327, 9.9685932 53.5861288)",2,,,,,,,,,,2,5,0,0,no_bike_infra,0,0.0,0.0,0.0,0.0,1.0,0.0,4.574048835888693
1085668472,asphalt,service,50,yes,,,False,False,70.666,"LINESTRING (9.9686741 53.5858651, 9.9687287 53.5856814, 9.9688857 53.5852422)",2,,,,,,,,,,2,5,0,0,no_bike_infra,0,0.0,0.0,0.0,0.0,1.0,0.0,4.574048835888693
719283014,asphalt,tertiary,50,yes,,track,False,False,20.798,"LINESTRING (9.965707 53.5852034, 9.9654343 53.5851097)",2,DE:urban,,,,,,,,,2,5,0,0,shared_bike_lane,0,1.0,0.0,0.0,0.0,0.0,0.0,4.089437819420754
719283014,asphalt,tertiary,50,yes,,track,False,True,18.541999999999998,"LINESTRING (9.965707 53.5852034, 9.9657595 53.5852214, 9.9659513 53.5852857)",2,DE:urban,,,,,,,,,2,5,0,0,shared_bike_lane,0,1.0,0.0,0.0,0.0,0.0,0.0,4.089437819420754
1104809678,paving_stones,service,30,yes,,,False,False,7.651,"LINESTRING (9.965707 53.5852034, 9.9657451 53.5851614, 9.9657619 53.5851428)",1,,,,,,,,,,1,3,0,0,path_cycle,0,0.0,0.0,0.0,0.0,0.0,1.0,3.43333333333333
1104809678,paving_stones,service,30,yes,,,False,True,7.651,"LINESTRING (9.9657619 53.5851428, 9.9657451 53.5851614, 9.965707 53.5852034)",1,,,,,,,,,,1,3,0,0,path_cycle,0,0.0,0.0,0.0,0.0,0.0,1.0,3.43333333333333
1104809680,,service,30,yes,,,False,True,35.196,"LINESTRING (9.9671026 53.5854755, 9.9669063 53.5854124, 9.9668373 53.5854885, 9.9668161 53.5855118, 9.9667593 53.5855744)",1,,,,,,,permit,,,1,3,0,0,path_cycle,0,0.0,0.0,0.0,0.0,0.0,1.0,3.43333333333333
719283014,asphalt,tertiary,50,yes,,track,False,True,24.373,"LINESTRING (9.9667593 53.5855744, 9.9670757 53.5856874)",2,DE:urban,,,,,,,,,2,5,0,0,shared_bike_lane,0,1.0,0.0,0.0,0.0,0.0,0.0,4.089437819420754
719283014,asphalt,tertiary,50,yes,,track,False,False,62.25,"LINESTRING (9.9667593 53.5855744, 9.9662536 53.5853937, 9.9659513 53.5852857)",2,DE:urban,,,,,,,,,2,5,0,0,shared_bike_lane,0,1.0,0.0,0.0,0.0,0.0,0.0,4.089437819420754
1104809680,,service,30,yes,,,False,False,35.196,"LINESTRING (9.9667593 53.5855744, 9.9668161 53.5855118, 9.9668373 53.5854885, 9.9669063 53.5854124, 9.9671026 53.5854755)",1,,,,,,,permit,,,1,3,0,0,path_cycle,0,0.0,0.0,0.0,0.0,0.0,1.0,3.43333333333333
633941980,paving_stones,service,30,yes,,,False,True,21.725,"LINESTRING (9.9655658 53.5849366, 9.9655 53.5849749, 9.9654483 53.5850644, 9.9654343 53.5851097)",1,,,,,,,,,,1,3,0,0,path_cycle,0,0.0,0.0,0.0,0.0,0.0,1.0,3.43333333333333
719283014,asphalt,tertiary,50,yes,,track,False,True,20.312,"LINESTRING (9.9651641 53.5850223, 9.9653521 53.5850831, 9.9653948 53.5850969, 9.9654343 53.5851097)",2,DE:urban,,,,,,,,,2,5,0,0,shared_bike_lane,0,1.0,0.0,0.0,0.0,0.0,0.0,4.089437819420754
1117873016,,service,30,yes,,,False,False,23.673000000000002,"LINESTRING (9.9651641 53.5850223, 9.9651793 53.5849733, 9.9652438 53.584854, 9.9651887 53.5848351)",1,,,,,,,,,,1,3,0,0,path_cycle,0,0.0,0.0,0.0,0.0,0.0,1.0,3.43333333333333
1117873016,,service,30,yes,,,False,True,23.673,"LINESTRING (9.9651887 53.5848351, 9.9652438 53.584854, 9.9651793 53.5849733, 9.9651641 53.5850223)",1,,,,,,,,,,1,3,0,0,path_cycle,0,0.0,0.0,0.0,0.0,0.0,1.0,3.43333333333333
1186493204,,service,30,,,,False,True,18.746,"LINESTRING (9.96174 53.5786008, 9.961789 53.5785805, 9.9618155 53.5785741, 9.9618393 53.5785723, 9.9618638 53.5785755, 9.9618876 53.5785807, 9.9619288 53.5785962, 9.9619924 53.5786167)",1,,,,,,,,,,1,3,0,0,path_cycle,0,0.0,0.0,0.0,0.0,0.0,1.0,3.43333333333333
"[1186493208, 1186493205, 1186493206, 1186493207]",,service,30,,,,False,False,69.376,"LINESTRING (9.962028 53.5788233, 9.9620428 53.5788233, 9.9620629 53.5788245, 9.962083 53.5788285, 9.9621018 53.5788353, 9.9621246 53.5788468, 9.9621434 53.5788623, 9.9621682 53.5788822, 9.962195 53.5788986, 9.9622304 53.578908, 9.962269 53.5788939, 9.962568 53.5787849, 9.9627177 53.5787303, 9.9629051 53.5786622)",1,,,,,,,,,,1,3,0,0,path_cycle,0,0.0,0.0,0.0,0.0,0.0,1.0,3.43333333333333
952072730,asphalt,primary,50,yes,right,,True,False,4.285,"LINESTRING (9.9629051 53.5786622, 9.9628853 53.5786255)",2,DE:urban,no,track,,,,,,,2,5,0,0,shared_bike_lane,0,1.0,0.0,0.0,0.0,0.0,0.0,4.089437819420754
"[1186493208, 1186493205, 1186493206, 1186493207]",,service,30,,,,False,True,69.376,"LINESTRING (9.9629051 53.5786622, 9.9627177 53.5787303, 9.962568 53.5787849, 9.962269 53.5788939, 9.9622304 53.578908, 9.962195 53.5788986, 9.9621682 53.5788822, 9.9621434 53.5788623, 9.9621246 53.5788468, 9.9621018 53.5788353, 9.962083 53.5788285, 9.9620629 53.5788245, 9.9620428 53.5788233, 9.962028 53.5788233)",1,,,,,,,,,,1,3,0,0,path_cycle,0,0.0,0.0,0.0,0.0,0.0,1.0,3.43333333333333
